出,曲牌,是否前腔,顺序,全部句式,承词,宾白,唱词
第一出,南柯子,否,1,"[5, 5, 7, 9, 5, 5, 7, 9]","[0, 0, 0, 0, 0, 0, 0, 0]","[0, 0, 0, 0, 0, 0, 0, 0]","[5, 5, 7, 9, 5, 5, 7, 9]"
第二出,破齐阵,否,1,"[6, 6, 4, 4, 7, 8, 8, 5]","[0, 0, 0, 0, 0, 0, 0, 0]","[0, 0, 0, 0, 0, 0, 0, 0]","[6, 6, 4, 4, 7, 8, 8, 5]"
第二出,蝶恋花,否,2,"[7, 9, 7, 7, 7, 9, 7, 7]","[0, 0, 0, 0, 0, 0, 0, 0]","[0, 0, 0, 0, 0, 0, 0, 0]","[7, 9, 7, 7, 7, 9, 7, 7]"
第二出,捣练子,否,3,"[3, 3, 7, 9]","[0, 0, 0, 0]","[0, 0, 0, 0]","[3, 3, 7, 9]"
第二出,集唐,否,4,"[5, 5, 5, 5, 6, 4, 9, 4, 6, 5, 4, 6]","[0, 0, 0, 0, 0, 0, 0, 0, 0, 0, 0, 0]","[0, 0, 0, 0, 0, 0, 0, 0, 0, 0, 0, 0]","[5, 5, 5, 5, 6, 4, 9, 4, 6, 5, 4, 6]"
第二出,玉交枝,否,5,"[4, 7, 8, 7, 7, 7, 7, 7]","[0, 0, 0, 0, 0, 0, 0, 0]","[0, 0, 0, 0, 0, 0, 0, 0]","[4, 7, 8, 7, 7, 7, 7, 7]"
第二出,玉交枝,是,6,"[5, 7, 8, 7, 9, 10, 7, 7]","[0, 0, 0, 0, 0, 0, 0, 0]","[0, 0, 0, 0, 0, 0, 0, 0]","[5, 7, 8, 7, 9, 10, 7, 7]"
第二出,急板令,否,7,"[7, 7, 5, 5, 4, 4, 4, 4, 7, 3, 3]","[0, 0, 0, 0, 0, 0, 0, 0, 0, 0, 0]","[0, 0, 0, 0, 0, 0, 0, 0, 0, 0, 0]","[7, 7, 5, 5, 4, 4, 4, 4, 7, 3, 3]"
第二出,急板令,是,8,"[7, 7, 5, 5, 7, 4, 4, 4]","[0, 0, 0, 0, 3, 0, 0, 0]","[0, 0, 0, 0, 0, 0, 0, 0]","[7, 7, 5, 5, 4, 4, 4, 4]"
第二出,尾声,否,9,"[11, 9, 6, 13]","[0, 0, 0, 0]","[0, 0, 6, 0]","[11, 9, 0, 13]"
第三出,海棠春,否,1,"[7, 7, 5, 5, 4, 4, 6, 5, 5]","[0, 0, 0, 0, 0, 0, 0, 0, 0]","[0, 0, 0, 0, 0, 0, 0, 0, 0]","[7, 7, 5, 5, 4, 4, 6, 5, 5]"
第三出,清平乐,否,2,"[4, 5, 7, 6, 6, 6, 6, 6, 9, 4, 4, 4, 6, 4, 6, 3, 3, 4, 3, 3, 4, 6, 6, 3, 3, 6, 6, 3, 3, 4, 4, 6, 6, 4, 4, 6, 6, 4, 4, 4, 6, 4, 6, 3, 3, 4, 3, 3, 4, 4, 6, 4, 6, 6, 6, 6, 6, 7, 4, 7, 4, 5, 6, 5, 6, 7, 6, 7, 6, 6, 4, 6, 7, 4, 4, 6, 7, 4, 4, 7, 7, 8, 6, 6, 6, 4, 4]","[0, 0, 0, 0, 0, 0, 0, 0, 0, 0, 0, 0, 0, 0, 0, 0, 0, 0, 0, 0, 0, 0, 0, 0, 0, 0, 0, 0, 0, 0, 0, 0, 0, 0, 0, 0, 0, 0, 0, 0, 0, 0, 0, 0, 0, 0, 0, 0, 0, 0, 0, 0, 0, 0, 0, 0, 0, 0, 0, 0, 0, 0, 0, 0, 0, 0, 0, 0, 0, 0, 0, 0, 0, 0, 0, 0, 0, 0, 0, 0, 0, 0, 0, 0, 0, 0, 0]","[0, 0, 0, 0, 0, 0, 0, 0, 0, 0, 0, 0, 0, 0, 0, 0, 0, 0, 0, 0, 0, 0, 0, 0, 0, 0, 0, 0, 0, 0, 0, 0, 0, 0, 0, 0, 0, 0, 0, 0, 0, 0, 0, 0, 0, 0, 0, 0, 0, 0, 0, 0, 0, 0, 0, 0, 0, 0, 0, 0, 0, 0, 0, 0, 0, 0, 0, 0, 0, 0, 0, 0, 0, 0, 0, 0, 0, 0, 0, 0, 0, 0, 0, 0, 0, 0, 0]","[4, 5, 7, 6, 6, 6, 6, 6, 9, 4, 4, 4, 6, 4, 6, 3, 3, 4, 3, 3, 4, 6, 6, 3, 3, 6, 6, 3, 3, 4, 4, 6, 6, 4, 4, 6, 6, 4, 4, 4, 6, 4, 6, 3, 3, 4, 3, 3, 4, 4, 6, 4, 6, 6, 6, 6, 6, 7, 4, 7, 4, 5, 6, 5, 6, 7, 6, 7, 6, 6, 4, 6, 7, 4, 4, 6, 7, 4, 4, 7, 7, 8, 6, 6, 6, 4, 4]"
第三出,海棠春,否,3,"[5, 6]","[0, 0]","[0, 0]","[5, 6]"
第三出,惜奴娇,否,4,"[4, 10, 7, 4, 2, 8, 2, 6, 7]","[0, 0, 0, 0, 0, 0, 0, 0, 0]","[0, 0, 0, 0, 0, 0, 0, 0, 0]","[4, 10, 7, 4, 2, 8, 2, 6, 7]"
第三出,惜奴娇,是,5,"[2, 4, 5, 4, 5, 4, 2, 4, 4, 6]","[0, 0, 0, 0, 0, 0, 0, 0, 0, 0]","[0, 0, 0, 0, 0, 0, 0, 0, 0, 0]","[2, 4, 5, 4, 5, 4, 2, 4, 4, 6]"
第三出,惜奴娇,是,6,"[2, 4, 5, 4, 5, 4, 2, 5, 5, 3, 5, 4]","[0, 0, 0, 0, 0, 0, 0, 0, 0, 0, 0, 0]","[0, 0, 0, 0, 0, 0, 0, 0, 0, 0, 0, 0]","[2, 4, 5, 4, 5, 4, 2, 5, 5, 3, 5, 4]"
第三出,惜奴娇,是,7,"[2, 4, 5, 4, 5, 4, 2, 5, 5]","[0, 0, 0, 0, 0, 0, 0, 0, 0]","[0, 0, 0, 0, 0, 0, 0, 0, 0]","[2, 4, 5, 4, 5, 4, 2, 5, 5]"
第三出,锦衣香,否,8,"[3, 3, 3, 3, 4, 4, 7, 5, 4, 7, 3, 4, 7, 4, 4, 4]","[0, 0, 0, 0, 0, 0, 0, 0, 0, 0, 0, 0, 0, 0, 0, 0]","[0, 0, 0, 0, 0, 0, 0, 0, 0, 0, 0, 0, 0, 0, 0, 0]","[3, 3, 3, 3, 4, 4, 7, 5, 4, 7, 3, 4, 7, 4, 4, 4]"
第三出,浆水令,否,9,"[7, 7, 7, 4, 4, 3, 3, 7, 3, 3, 4, 3, 3, 4]","[0, 0, 0, 0, 0, 0, 0, 0, 0, 0, 0, 0, 0, 0]","[0, 0, 0, 0, 0, 0, 0, 0, 0, 0, 0, 0, 0, 0]","[7, 7, 7, 4, 4, 3, 3, 7, 3, 3, 4, 3, 3, 4]"
第三出,尾声,否,10,"[8, 3, 8, 14]","[0, 0, 1, 3]","[0, 3, 0, 0]","[8, 0, 7, 11]"
第四出,集唐,否,1,"[7, 7, 7, 7, 8, 6, 6, 4, 4, 8, 8, 4, 4, 4, 4, 6, 4, 6, 4, 5, 6, 8, 12, 9, 6, 6, 8, 4, 11, 10, 6, 4, 8, 13, 8, 8, 7, 8, 6, 4, 4, 4, 7, 5, 2, 2, 5, 4, 4, 4, 6, 4, 4, 6, 4, 4, 4, 9, 1, 6, 4, 6, 7, 7, 7, 7, 7, 6, 9, 8, 8, 4, 1, 4, 6, 6, 6, 11, 6, 8, 2, 11, 4, 7, 4, 6, 6, 12, 4, 4, 6, 4, 6, 4, 5, 7, 5, 7, 9, 9, 4, 6, 4, 6, 6, 6, 4, 4, 6, 5, 9, 4]","[0, 0, 0, 0, 0, 0, 0, 0, 0, 0, 0, 0, 0, 0, 0, 0, 0, 0, 0, 0, 0, 0, 0, 0, 0, 0, 0, 0, 0, 0, 0, 0, 0, 0, 0, 0, 0, 0, 0, 0, 0, 0, 0, 0, 0, 0, 0, 0, 0, 0, 0, 0, 0, 0, 0, 0, 0, 0, 0, 0, 0, 0, 0, 0, 0, 0, 0, 0, 0, 0, 0, 0, 0, 0, 0, 0, 0, 0, 0, 0, 0, 0, 0, 0, 0, 0, 0, 0, 0, 0, 0, 0, 0, 0, 0, 0, 0, 0, 0, 0, 0, 0, 0, 0, 0, 0, 0, 0, 0, 0, 0, 0]","[0, 0, 0, 0, 0, 0, 0, 0, 0, 0, 0, 0, 0, 0, 0, 0, 0, 0, 0, 0, 0, 0, 0, 0, 0, 0, 0, 0, 0, 0, 0, 0, 0, 0, 0, 0, 0, 0, 0, 0, 0, 0, 0, 0, 0, 0, 0, 0, 0, 0, 0, 0, 0, 0, 0, 0, 0, 0, 0, 0, 0, 0, 0, 0, 0, 0, 0, 0, 0, 0, 0, 0, 0, 0, 0, 0, 0, 0, 0, 0, 0, 0, 0, 0, 0, 0, 0, 0, 0, 0, 0, 0, 0, 0, 0, 0, 0, 0, 0, 0, 0, 0, 0, 0, 0, 0, 0, 0, 0, 0, 0, 0]","[7, 7, 7, 7, 8, 6, 6, 4, 4, 8, 8, 4, 4, 4, 4, 6, 4, 6, 4, 5, 6, 8, 12, 9, 6, 6, 8, 4, 11, 10, 6, 4, 8, 13, 8, 8, 7, 8, 6, 4, 4, 4, 7, 5, 2, 2, 5, 4, 4, 4, 6, 4, 4, 6, 4, 4, 4, 9, 1, 6, 4, 6, 7, 7, 7, 7, 7, 6, 9, 8, 8, 4, 1, 4, 6, 6, 6, 11, 6, 8, 2, 11, 4, 7, 4, 6, 6, 12, 4, 4, 6, 4, 6, 4, 5, 7, 5, 7, 9, 9, 4, 6, 4, 6, 6, 6, 4, 4, 6, 5, 9, 4]"
第四出,正宫端正好,否,2,"[6, 6, 7, 1, 6, 7]","[0, 0, 0, 0, 0, 0]","[0, 0, 0, 0, 0, 0]","[6, 6, 7, 1, 6, 7]"
第四出,滚绣球,否,3,"[9, 6, 7, 7, 6, 3, 7, 7, 10, 7, 4]","[0, 0, 0, 0, 0, 0, 0, 0, 0, 0, 0]","[0, 0, 0, 0, 0, 0, 0, 0, 0, 0, 0]","[9, 6, 7, 7, 6, 3, 7, 7, 10, 7, 4]"
第四出,倘秀才,否,4,"[10, 10, 5, 6, 7, 7]","[0, 0, 0, 0, 0, 0]","[0, 0, 0, 0, 0, 0]","[10, 10, 5, 6, 7, 7]"
第四出,煞,否,5,"[15, 15, 9, 9]","[0, 0, 0, 0]","[0, 0, 0, 0]","[15, 15, 9, 9]"
第五出,夜游宫,否,1,"[6, 7, 7, 3, 3, 3]","[0, 0, 0, 0, 0, 0]","[0, 0, 0, 0, 0, 0]","[6, 7, 7, 3, 3, 3]"
第五出,清平乐,否,2,"[4, 5, 7, 6, 6, 6, 6, 6, 9, 4, 4, 6, 6, 6, 6, 6, 6, 4, 4, 8, 8, 6, 6, 6, 6, 4, 8, 4, 8, 4, 10, 3]","[0, 0, 0, 0, 0, 0, 0, 0, 0, 0, 0, 0, 0, 0, 0, 0, 0, 0, 0, 0, 0, 0, 0, 0, 0, 0, 0, 0, 0, 0, 0, 0]","[0, 0, 0, 0, 0, 0, 0, 0, 0, 0, 0, 0, 0, 0, 0, 0, 0, 0, 0, 0, 0, 0, 0, 0, 0, 0, 0, 0, 0, 0, 0, 0]","[4, 5, 7, 6, 6, 6, 6, 6, 9, 4, 4, 6, 6, 6, 6, 6, 6, 4, 4, 8, 8, 6, 6, 6, 6, 4, 8, 4, 8, 4, 10, 3]"
第五出,夜游宫,是,3,"[5, 7, 7, 3, 3, 3]","[0, 0, 0, 0, 0, 0]","[0, 0, 0, 0, 0, 0]","[5, 7, 7, 3, 3, 3]"
第五出,傍妆台,否,4,"[5, 7, 6, 6, 7, 7, 4, 4, 12]","[0, 0, 0, 0, 0, 0, 0, 0, 0]","[0, 0, 0, 0, 0, 0, 0, 0, 0]","[5, 7, 6, 6, 7, 7, 4, 4, 12]"
第五出,傍妆台,是,5,"[5, 8, 6, 6, 7, 7, 4, 4, 13]","[0, 0, 0, 0, 0, 0, 0, 0, 0]","[0, 0, 0, 0, 0, 0, 0, 0, 0]","[5, 8, 6, 6, 7, 7, 4, 4, 13]"
第五出,玩仙灯,否,6,"[4, 6]","[0, 0]","[0, 0]","[4, 6]"
第五出,傍妆台,否,7,"[5, 9, 6, 6, 9, 7, 4, 3, 13]","[0, 0, 0, 0, 0, 0, 0, 0, 0]","[0, 0, 0, 0, 0, 0, 0, 0, 0]","[5, 9, 6, 6, 9, 7, 4, 3, 13]"
第五出,傍妆台,是,8,"[5, 10, 6, 6, 7, 7, 4, 4, 13]","[0, 0, 0, 0, 0, 0, 0, 0, 0]","[0, 0, 0, 0, 0, 0, 0, 0, 0]","[5, 10, 6, 6, 7, 7, 4, 4, 13]"
第五出,尾声,否,9,"[9, 7, 3, 13]","[0, 0, 0, 0]","[0, 0, 3, 0]","[9, 7, 0, 13]"
第六出,字字双,否,1,"[7, 2, 8, 2, 7, 2, 7, 2]","[0, 0, 0, 0, 0, 0, 0, 0]","[0, 0, 0, 0, 0, 0, 0, 0]","[7, 2, 8, 2, 7, 2, 7, 2]"
第六出,字字双,是,2,"[7, 2, 9, 2, 7, 2, 7, 2]","[0, 0, 0, 0, 0, 0, 0, 0]","[0, 0, 0, 0, 0, 0, 0, 0]","[7, 2, 9, 2, 7, 2, 7, 2]"
第六出,集唐,否,3,"[5, 5, 5, 5, 8, 4, 8, 6, 8]","[0, 0, 0, 0, 0, 0, 0, 0, 0]","[0, 0, 0, 0, 0, 0, 0, 0, 0]","[5, 5, 5, 5, 8, 4, 8, 6, 8]"
第六出,锦缠头,否,4,"[3, 8, 5, 3, 6, 9, 5, 9, 6, 11, 8, 7, 13]","[0, 0, 0, 0, 0, 0, 0, 0, 0, 0, 0, 0, 0]","[0, 0, 0, 0, 0, 0, 0, 0, 0, 0, 0, 0, 0]","[3, 8, 5, 3, 6, 9, 5, 9, 6, 11, 8, 7, 13]"
第六出,好姐姐,否,5,"[2, 4, 3, 4, 4, 5, 3, 7, 7]","[0, 0, 0, 0, 0, 0, 0, 0, 0]","[0, 0, 0, 0, 0, 0, 0, 0, 0]","[2, 4, 3, 4, 4, 5, 3, 7, 7]"
第六出,好姐姐,是,6,"[2, 4, 10, 4, 7, 3, 2, 3, 7, 7]","[0, 0, 0, 0, 0, 0, 0, 0, 0, 0]","[0, 0, 0, 0, 0, 0, 0, 0, 0, 0]","[2, 4, 10, 4, 7, 3, 2, 3, 7, 7]"
第七出,普贤歌,否,1,"[6, 9, 6, 5, 9]","[0, 0, 0, 0, 0]","[0, 0, 0, 0, 0]","[6, 9, 6, 5, 9]"
第七出,普贤歌,是,2,"[6, 7, 5, 5, 9]","[0, 0, 0, 0, 0]","[0, 0, 0, 0, 0]","[6, 7, 5, 5, 9]"
第七出,黄莺儿,否,3,"[5, 6, 7, 4, 4, 7, 3, 4, 5]","[0, 0, 0, 0, 0, 0, 0, 0, 0]","[0, 0, 0, 0, 0, 0, 0, 0, 0]","[5, 6, 7, 4, 4, 7, 3, 4, 5]"
第七出,黄莺儿,是,4,"[5, 6, 7, 4, 4, 7]","[0, 0, 0, 0, 0, 0]","[0, 0, 0, 0, 0, 0]","[5, 6, 7, 4, 4, 7]"
第七出,北点绛唇,否,5,"[4, 4, 3, 4, 5]","[0, 0, 0, 0, 0]","[0, 0, 0, 0, 0]","[4, 4, 3, 4, 5]"
第七出,对玉环带过清江引,否,6,"[4, 5, 4, 6, 5, 5, 4, 5, 5, 9]","[0, 0, 0, 0, 0, 0, 0, 0, 0, 0]","[0, 0, 0, 0, 0, 0, 0, 0, 0, 0]","[4, 5, 4, 6, 5, 5, 4, 5, 5, 9]"
第七出,缕缕金,否,7,"[3, 3, 5, 3, 5, 4, 8, 6]","[0, 0, 0, 0, 0, 0, 0, 0]","[0, 0, 0, 0, 0, 0, 0, 0]","[3, 3, 5, 3, 5, 4, 8, 6]"
第七出,江儿水,否,8,"[4, 4, 9, 4, 4, 4, 4, 4]","[0, 0, 0, 0, 0, 0, 0, 0]","[0, 0, 0, 4, 0, 0, 0, 0]","[4, 4, 9, 0, 4, 4, 4, 4]"
第七出,尾声,否,9,"[3, 3, 5, 6, 4, 13]","[0, 0, 0, 0, 0, 0]","[0, 0, 0, 0, 0, 0]","[3, 3, 5, 6, 4, 13]"
第八出,谒金门前,否,1,"[3, 6, 7, 6]","[0, 0, 0, 0]","[0, 0, 0, 0]","[3, 6, 7, 6]"
第八出,谒金门后,否,2,"[6, 6, 3, 7, 5]","[0, 0, 0, 0, 0]","[0, 0, 3, 0, 0]","[6, 6, 0, 7, 5]"
第八出,梁州序,否,3,"[4, 4, 7, 4, 6, 6, 4, 7, 8, 7, 3, 3, 7, 3, 3]","[0, 0, 0, 0, 0, 0, 0, 0, 0, 0, 0, 0, 0, 0, 0]","[0, 0, 0, 0, 0, 0, 0, 0, 0, 0, 0, 0, 0, 0, 0]","[4, 4, 7, 4, 6, 6, 4, 7, 8, 7, 3, 3, 7, 3, 3]"
第八出,梁州序,是,4,"[4, 4, 6, 4, 6, 6, 4, 7, 5, 3, 7]","[0, 0, 0, 0, 0, 0, 0, 0, 0, 0, 0]","[0, 0, 0, 0, 0, 0, 0, 0, 0, 0, 0]","[4, 4, 6, 4, 6, 6, 4, 7, 5, 3, 7]"
第八出,梁州序,是,5,"[7, 9, 6, 4, 6, 5, 5, 5, 3, 8]","[0, 0, 0, 0, 0, 0, 0, 0, 0, 0]","[0, 0, 0, 0, 0, 0, 0, 0, 0, 0]","[7, 9, 6, 4, 6, 5, 5, 5, 3, 8]"
第八出,梁州序,是,6,"[7, 7, 6, 4, 5, 4, 6, 5, 3, 7]","[0, 0, 0, 0, 0, 0, 0, 0, 0, 0]","[0, 0, 0, 0, 0, 0, 0, 0, 0, 0]","[7, 7, 6, 4, 5, 4, 6, 5, 3, 7]"
第八出,节节高,否,7,"[5, 3, 9, 8, 7, 9, 4, 3, 3, 10, 2, 2, 6, 6, 9, 9]","[0, 0, 0, 0, 0, 0, 0, 0, 0, 0, 0, 0, 0, 0, 0, 0]","[0, 0, 0, 8, 7, 9, 0, 0, 0, 0, 2, 2, 6, 6, 0, 0]","[5, 3, 9, 0, 0, 0, 4, 3, 3, 10, 0, 0, 0, 0, 9, 9]"
第八出,节节高,是,8,"[5, 3, 9, 3, 3, 3, 9, 7, 3, 6, 8, 8, 9]","[0, 0, 0, 0, 0, 0, 0, 0, 0, 0, 0, 0, 0]","[0, 0, 0, 0, 0, 0, 0, 7, 3, 6, 8, 0, 0]","[5, 3, 9, 3, 3, 3, 9, 0, 0, 0, 0, 8, 9]"
第八出,尾声,否,9,"[12, 8, 2, 2, 11]","[0, 0, 0, 0, 0]","[0, 0, 2, 2, 0]","[12, 8, 0, 0, 11]"
第九出,西江引前,否,1,"[6, 6, 7, 6]","[0, 0, 0, 0]","[0, 0, 0, 0]","[6, 6, 7, 6]"
第九出,西江引后,否,2,"[6, 6, 7, 7]","[0, 0, 0, 0]","[0, 0, 0, 0]","[6, 6, 7, 7]"
第九出,黄莺儿,否,3,"[5, 6, 7, 4, 4, 7, 2, 8, 3, 4, 5]","[0, 0, 0, 0, 0, 0, 0, 0, 0, 0, 0]","[0, 0, 0, 0, 0, 0, 2, 8, 0, 0, 0]","[5, 6, 7, 4, 4, 7, 0, 0, 3, 4, 5]"
第九出,黄莺儿,是,4,"[5, 6, 9, 4, 5, 8]","[0, 0, 0, 0, 0, 0]","[0, 0, 0, 0, 0, 0]","[5, 6, 9, 4, 5, 8]"
第九出,尾声,否,5,"[10, 10, 6, 11]","[0, 0, 0, 0]","[0, 0, 6, 0]","[10, 10, 0, 11]"
第十出,驻云飞,否,1,"[4, 7, 6, 6, 1, 5, 5, 6, 6, 7, 7]","[0, 0, 0, 0, 0, 0, 0, 0, 0, 0, 0]","[0, 0, 0, 0, 0, 0, 0, 0, 0, 0, 0]","[4, 7, 6, 6, 1, 5, 5, 6, 6, 7, 7]"
第十出,驻云飞,是,2,"[4, 7, 6, 6, 3, 1, 5, 4, 4, 6, 7, 7]","[0, 0, 0, 0, 0, 0, 0, 0, 0, 0, 0, 0]","[0, 0, 0, 0, 3, 0, 0, 0, 0, 0, 0, 0]","[4, 7, 6, 6, 0, 1, 5, 4, 4, 6, 7, 7]"
第十出,驻云飞,是,3,"[5, 7, 5, 5, 3, 4, 6, 1, 5, 4, 4, 6, 7]","[0, 0, 0, 0, 0, 0, 0, 0, 0, 0, 0, 0, 0]","[0, 0, 0, 0, 3, 4, 6, 0, 0, 0, 0, 0, 0]","[5, 7, 5, 5, 0, 0, 0, 1, 5, 4, 4, 6, 7]"
第十出,驻云飞,是,4,"[5, 7, 6, 6, 1, 5, 4, 4, 5, 9]","[0, 0, 0, 0, 0, 0, 0, 0, 0, 0]","[0, 0, 0, 0, 0, 0, 0, 0, 0, 0]","[5, 7, 6, 6, 1, 5, 4, 4, 5, 9]"
第十出,驻云飞,是,5,"[4, 8, 6, 5, 1, 5, 4, 4, 6, 10]","[0, 0, 0, 0, 0, 0, 0, 0, 0, 0]","[0, 0, 0, 0, 0, 0, 0, 0, 0, 0]","[4, 8, 6, 5, 1, 5, 4, 4, 6, 10]"
第十出,锁南枝,否,6,"[3, 3, 7, 4, 5, 5, 4, 3, 4, 6, 3]","[0, 0, 0, 0, 0, 0, 0, 0, 0, 0, 0]","[0, 0, 0, 4, 0, 0, 4, 0, 0, 0, 0]","[3, 3, 7, 0, 5, 5, 0, 3, 4, 6, 3]"
第十出,锁南枝,是,7,"[3, 3, 8, 5, 5, 4, 3, 3, 3]","[0, 0, 0, 0, 0, 0, 0, 0, 0]","[0, 0, 0, 0, 0, 0, 0, 0, 0]","[3, 3, 8, 5, 5, 4, 3, 3, 3]"
第十出,锁南枝,是,8,"[4, 3, 7, 5, 5, 4, 8, 4, 3, 3, 3, 3, 5, 7, 3, 9, 5, 6, 6, 5, 6, 9, 3, 3, 3, 3]","[0, 0, 0, 0, 0, 0, 0, 0, 0, 0, 0, 0, 0, 0, 0, 0, 0, 0, 0, 0, 0, 0, 0, 0, 0, 0]","[0, 0, 0, 0, 0, 4, 8, 4, 0, 0, 0, 0, 5, 7, 3, 9, 5, 6, 6, 5, 6, 0, 0, 0, 0, 0]","[4, 3, 7, 5, 5, 0, 0, 0, 3, 3, 3, 3, 0, 0, 0, 0, 0, 0, 0, 0, 0, 9, 3, 3, 3, 3]"
第十出,锁南枝,是,9,"[3, 3, 8, 8, 6, 5, 2, 2, 3, 5, 5, 2, 3, 3, 3, 3, 3]","[0, 0, 0, 0, 0, 0, 0, 0, 0, 0, 0, 0, 0, 0, 0, 0, 0]","[0, 0, 0, 8, 0, 0, 2, 2, 3, 5, 5, 2, 0, 0, 3, 0, 0]","[3, 3, 8, 0, 6, 5, 0, 0, 0, 0, 0, 0, 3, 3, 0, 3, 3]"
第十一出,点绛唇,否,1,"[4, 4, 3, 4, 5]","[0, 0, 0, 0, 0]","[0, 0, 0, 0, 0]","[4, 4, 3, 4, 5]"
第十一出,点绛唇,是,2,"[4, 4, 3, 5, 6]","[0, 0, 0, 0, 0]","[0, 0, 0, 0, 0]","[4, 4, 3, 5, 6]"
第十一出,绛都春序,否,3,"[4, 5, 4, 8, 5, 8, 7, 5, 4, 5]","[0, 0, 0, 0, 0, 0, 0, 0, 0, 0]","[0, 0, 0, 0, 5, 0, 0, 0, 0, 0]","[4, 5, 4, 8, 0, 8, 7, 5, 4, 5]"
第十一出,绛都春序,是,4,"[4, 7, 5, 4, 1, 8, 7, 7, 4, 4, 7, 4, 4, 4]","[0, 0, 0, 0, 0, 0, 0, 0, 0, 0, 0, 0, 0, 0]","[0, 0, 5, 4, 1, 0, 7, 0, 4, 4, 0, 0, 0, 0]","[4, 7, 0, 0, 0, 8, 0, 7, 0, 0, 7, 4, 4, 4]"
第十二出,上林春,否,1,"[7, 7]","[0, 0]","[0, 0]","[7, 7]"
第十二出,出队子,否,2,"[4, 4, 7, 7, 7, 1, 7, 4, 4, 3, 8, 3, 5, 4, 7, 6, 12, 4, 13, 12, 6, 7, 15, 8, 2, 9, 4, 6, 4, 4, 4, 7, 9, 4, 4]","[0, 0, 0, 0, 0, 0, 0, 0, 0, 0, 0, 0, 0, 0, 0, 0, 0, 0, 0, 0, 0, 0, 0, 0, 0, 0, 0, 0, 0, 0, 0, 0, 0, 0, 0]","[0, 0, 0, 0, 0, 1, 7, 0, 0, 3, 8, 3, 5, 4, 7, 6, 12, 0, 0, 0, 0, 0, 0, 0, 0, 0, 0, 0, 0, 0, 0, 0, 0, 0, 0]","[4, 4, 7, 7, 7, 0, 0, 4, 4, 0, 0, 0, 0, 0, 0, 0, 0, 4, 13, 12, 6, 7, 15, 8, 2, 9, 4, 6, 4, 4, 4, 7, 9, 4, 4]"
第十二出,出队子,是,3,"[4, 4, 7, 7, 7, 5, 4]","[0, 0, 0, 0, 0, 0, 0]","[0, 0, 0, 0, 0, 0, 0]","[4, 4, 7, 7, 7, 5, 4]"
第十二出,出队子,是,4,"[4, 4, 7, 7, 3, 8, 4, 4, 4, 4]","[0, 0, 0, 0, 0, 0, 0, 0, 0, 0]","[0, 0, 0, 0, 3, 0, 4, 4, 0, 0]","[4, 4, 7, 7, 0, 8, 0, 0, 4, 4]"
第十二出,出队子,是,5,"[4, 4, 7, 7, 7, 4, 4]","[0, 0, 0, 0, 0, 0, 0]","[0, 0, 0, 0, 0, 0, 0]","[4, 4, 7, 7, 7, 4, 4]"
第十二出,出队子,是,6,"[4, 4, 7, 8, 7, 4, 6, 4, 4]","[0, 0, 0, 0, 0, 0, 0, 0, 0]","[0, 0, 0, 0, 0, 4, 0, 0, 0]","[4, 4, 7, 8, 7, 0, 6, 4, 4]"
第十三出,淸江引,否,1,"[7, 5, 5, 5, 3, 7]","[0, 0, 0, 0, 0, 0]","[0, 0, 0, 0, 0, 0]","[7, 5, 5, 5, 3, 7]"
第十三出,女冠子,否,2,"[4, 7, 4, 4, 5, 4, 7, 5, 5, 4, 5, 4, 4]","[0, 0, 0, 0, 0, 0, 0, 0, 0, 0, 0, 0, 0]","[0, 0, 0, 0, 0, 0, 7, 0, 0, 0, 0, 0, 0]","[4, 7, 4, 4, 5, 4, 0, 5, 5, 4, 5, 4, 4]"
第十三出,锦堂月,否,3,"[4, 4, 6, 4, 6, 7, 7, 3, 5, 5]","[0, 0, 0, 0, 0, 0, 0, 0, 0, 0]","[0, 0, 0, 0, 0, 0, 0, 0, 0, 0]","[4, 4, 6, 4, 6, 7, 7, 3, 5, 5]"
第十三出,锦堂月,是,4,"[2, 5, 5, 6, 4, 6, 7, 7]","[0, 0, 0, 0, 0, 0, 0, 0]","[0, 0, 0, 0, 0, 0, 0, 0]","[2, 5, 5, 6, 4, 6, 7, 7]"
第十三出,锦堂月,是,5,"[2, 5, 4, 6, 4, 6, 8, 7]","[0, 0, 0, 0, 0, 0, 0, 0]","[0, 0, 0, 0, 0, 0, 0, 0]","[2, 5, 4, 6, 4, 6, 8, 7]"
第十三出,锦堂月,是,6,"[2, 4, 4, 6, 4, 6, 7, 7]","[0, 0, 0, 0, 0, 0, 0, 0]","[0, 0, 0, 0, 0, 0, 0, 0]","[2, 4, 4, 6, 4, 6, 7, 7]"
第十三出,醉翁子,否,7,"[2, 7, 5, 4, 2, 4, 7, 3, 6, 4]","[0, 0, 0, 0, 0, 0, 0, 0, 0, 0]","[0, 0, 0, 0, 0, 0, 0, 0, 0, 0]","[2, 7, 5, 4, 2, 4, 7, 3, 6, 4]"
第十三出,醉翁子,是,8,"[2, 8, 5, 4, 2, 4, 8]","[0, 0, 0, 0, 0, 0, 0]","[0, 0, 0, 0, 0, 0, 0]","[2, 8, 5, 4, 2, 4, 8]"
第十三出,侥侥令,否,9,"[5, 5, 9, 5, 3]","[0, 0, 0, 0, 0]","[0, 0, 0, 0, 0]","[5, 5, 9, 5, 3]"
第十三出,侥侥令,是,10,"[5, 5, 9, 5, 3]","[0, 0, 0, 0, 0]","[0, 0, 0, 0, 0]","[5, 5, 9, 5, 3]"
第十三出,尾声,否,11,"[8, 5, 8, 10]","[0, 0, 0, 0]","[0, 5, 0, 0]","[8, 0, 8, 10]"
第十四出,贺圣朝,否,1,"[6, 6, 7, 6]","[0, 0, 0, 0]","[0, 0, 0, 0]","[6, 6, 7, 6]"
第十四出,豹子令,否,2,"[7, 7, 10, 10, 7]","[0, 0, 0, 0, 0]","[0, 0, 0, 0, 0]","[7, 7, 10, 10, 7]"
第十四出,豹子令,是,3,"[9, 9, 7, 12]","[0, 0, 0, 0]","[0, 0, 0, 0]","[9, 9, 7, 12]"
第十五出,宝鼎现,否,1,"[4, 5, 4, 7, 7, 7, 6, 5, 4, 6]","[0, 0, 0, 0, 0, 0, 0, 0, 0, 0]","[0, 0, 0, 0, 0, 0, 0, 0, 0, 0]","[4, 5, 4, 7, 7, 7, 6, 5, 4, 6]"
第十五出,玉楼春,否,2,"[7, 7, 7, 7, 7, 7, 7, 7, 4, 8, 4, 4, 10, 4, 13, 7, 5, 6, 4, 7, 4, 6, 4, 7, 6, 7, 6, 6, 7, 6, 9, 9, 3, 6, 4, 7, 4, 4, 4, 6, 6, 9, 5, 2, 4, 4, 6, 4, 6, 8, 11, 8, 9, 2, 4]","[0, 0, 0, 0, 0, 0, 0, 0, 0, 0, 0, 0, 0, 0, 0, 0, 0, 0, 0, 0, 0, 0, 0, 0, 0, 0, 0, 0, 0, 0, 0, 0, 0, 0, 0, 0, 0, 0, 0, 0, 0, 0, 0, 0, 0, 0, 0, 0, 0, 0, 0, 0, 0, 0, 0]","[0, 0, 0, 0, 0, 0, 0, 0, 0, 0, 0, 0, 0, 0, 0, 0, 0, 0, 0, 0, 0, 0, 0, 0, 0, 0, 0, 0, 0, 0, 0, 0, 0, 0, 0, 0, 0, 0, 0, 0, 0, 0, 0, 0, 0, 0, 0, 0, 0, 0, 0, 0, 0, 0, 0]","[7, 7, 7, 7, 7, 7, 7, 7, 4, 8, 4, 4, 10, 4, 13, 7, 5, 6, 4, 7, 4, 6, 4, 7, 6, 7, 6, 6, 7, 6, 9, 9, 3, 6, 4, 7, 4, 4, 4, 6, 6, 9, 5, 2, 4, 4, 6, 4, 6, 8, 11, 8, 9, 2, 4]"
第十五出,好事近,否,3,"[5, 7, 4, 7, 4, 7, 3, 4, 8]","[0, 0, 0, 0, 0, 0, 0, 0, 0]","[0, 0, 0, 0, 0, 0, 0, 0, 0]","[5, 7, 4, 7, 4, 7, 3, 4, 8]"
第十五出,千秋岁,否,4,"[3, 6, 7, 4, 4, 3, 6, 4, 4, 3, 4, 5, 6, 5, 5, 4]","[0, 0, 0, 0, 0, 0, 0, 0, 0, 0, 0, 0, 0, 0, 0, 0]","[0, 0, 0, 0, 0, 0, 0, 0, 0, 0, 0, 5, 6, 0, 0, 0]","[3, 6, 7, 4, 4, 3, 6, 4, 4, 3, 4, 0, 0, 5, 5, 4]"
第十五出,好事近,否,5,"[7, 6, 4, 6, 2, 6, 2, 8, 4, 10, 7, 8, 6, 5, 6]","[0, 0, 0, 0, 0, 0, 0, 0, 0, 0, 0, 0, 0, 0, 0]","[0, 0, 0, 0, 0, 0, 2, 8, 4, 10, 7, 0, 0, 0, 0]","[7, 6, 4, 6, 2, 6, 0, 0, 0, 0, 0, 8, 6, 5, 6]"
第十五出,千秋岁,否,6,"[3, 7, 8, 4, 5, 4, 4, 3, 3, 3, 4, 6, 5, 4]","[0, 0, 0, 0, 0, 0, 0, 0, 0, 0, 0, 0, 0, 0]","[0, 0, 0, 0, 0, 0, 0, 0, 0, 0, 0, 0, 0, 0]","[3, 7, 8, 4, 5, 4, 4, 3, 3, 3, 4, 6, 5, 4]"
第十五出,越恁好,否,7,"[5, 4, 6, 5, 3, 3, 5, 2, 13, 5, 10, 3, 4, 8, 5, 4]","[0, 0, 0, 0, 0, 0, 0, 0, 0, 0, 0, 0, 0, 0, 0, 0]","[0, 0, 0, 0, 0, 0, 0, 0, 0, 0, 0, 0, 0, 0, 0, 0]","[5, 4, 6, 5, 3, 3, 5, 2, 13, 5, 10, 3, 4, 8, 5, 4]"
第十五出,越恁好,是,8,"[5, 4, 6, 5, 3, 3, 5, 13, 5, 10, 3, 3, 5, 5, 4]","[0, 0, 0, 0, 0, 0, 0, 0, 0, 0, 0, 0, 0, 0, 0]","[0, 0, 0, 0, 0, 0, 0, 0, 0, 0, 0, 0, 0, 0, 0]","[5, 4, 6, 5, 3, 3, 5, 13, 5, 10, 3, 3, 5, 5, 4]"
第十五出,红绣鞋,否,9,"[7, 2, 6, 2, 3, 3, 3, 3, 3, 3]","[0, 0, 0, 0, 0, 0, 0, 0, 0, 0]","[0, 0, 0, 0, 0, 0, 0, 0, 0, 0]","[7, 2, 6, 2, 3, 3, 3, 3, 3, 3]"
第十五出,尾声,否,10,"[8, 7, 9]","[0, 0, 0]","[0, 0, 0]","[8, 7, 9]"
第十六出,蓦山溪,否,1,"[4, 5, 5, 7, 4, 5, 7, 5]","[0, 0, 0, 0, 0, 0, 0, 0]","[0, 0, 0, 0, 0, 0, 0, 0]","[4, 5, 5, 7, 4, 5, 7, 5]"
第十六出,阮郎归,否,2,"[7, 5, 7, 5, 3, 3, 5, 3, 10, 5, 6, 4, 4, 4, 4, 4, 4, 5, 6, 6, 4, 4, 6, 4, 6, 4, 6, 4, 4, 4, 4, 8, 9, 2, 7, 6, 7, 7, 6]","[0, 0, 0, 0, 0, 0, 0, 0, 0, 0, 0, 0, 0, 0, 0, 0, 0, 0, 0, 0, 0, 0, 0, 0, 0, 0, 0, 0, 0, 0, 0, 0, 0, 0, 0, 0, 0, 0, 0]","[0, 0, 0, 0, 0, 0, 0, 0, 0, 0, 0, 0, 0, 0, 0, 0, 0, 0, 0, 0, 0, 0, 0, 0, 0, 0, 0, 0, 0, 0, 0, 0, 0, 0, 0, 0, 0, 0, 0]","[7, 5, 7, 5, 3, 3, 5, 3, 10, 5, 6, 4, 4, 4, 4, 4, 4, 5, 6, 6, 4, 4, 6, 4, 6, 4, 6, 4, 4, 4, 4, 8, 9, 2, 7, 6, 7, 7, 6]"
第十六出,白练序,否,3,"[5, 3, 3, 6, 4, 9, 4, 2, 4, 4, 6, 8, 6, 3, 4, 7, 6, 6, 9, 6, 6, 4, 4, 9, 6, 8, 7, 4, 6, 4, 3, 3, 5, 4]","[0, 0, 0, 0, 0, 0, 0, 0, 0, 0, 0, 0, 0, 0, 0, 0, 0, 0, 0, 0, 0, 0, 0, 0, 0, 0, 0, 0, 0, 0, 0, 0, 0, 0]","[0, 0, 0, 0, 0, 9, 4, 0, 4, 0, 6, 0, 6, 3, 4, 7, 6, 6, 9, 6, 6, 4, 4, 9, 6, 8, 7, 4, 6, 4, 3, 0, 0, 0]","[5, 3, 3, 6, 4, 0, 0, 2, 0, 4, 0, 8, 0, 0, 0, 0, 0, 0, 0, 0, 0, 0, 0, 0, 0, 0, 0, 0, 0, 0, 0, 3, 5, 4]"
第十六出,醉太平,否,4,"[2, 5, 4, 4, 6, 4, 6, 6, 4, 6, 2, 8, 7, 7, 4, 5, 4, 4]","[0, 0, 0, 0, 0, 0, 0, 0, 0, 0, 0, 0, 0, 0, 0, 0, 0, 0]","[0, 0, 0, 0, 6, 0, 0, 6, 4, 6, 0, 0, 0, 7, 4, 0, 0, 0]","[2, 5, 4, 4, 0, 4, 6, 0, 0, 0, 2, 8, 7, 0, 0, 5, 4, 4]"
第十六出,白练序,否,5,"[2, 10, 5, 4, 5, 5, 2, 3, 5, 7, 2, 2, 3, 9]","[0, 0, 0, 0, 0, 0, 0, 0, 0, 0, 0, 0, 0, 0]","[0, 0, 0, 0, 5, 5, 0, 0, 5, 0, 2, 2, 0, 0]","[2, 10, 5, 4, 0, 0, 2, 3, 0, 7, 0, 0, 3, 9]"
第十六出,醉太平,否,6,"[2, 5, 5, 4, 2, 8, 6, 11, 5, 5, 5, 4, 7, 4, 3, 8, 7, 2, 6, 6, 4, 2, 7, 4, 4]","[0, 0, 0, 0, 0, 0, 0, 0, 0, 0, 0, 0, 0, 0, 0, 0, 0, 0, 0, 0, 0, 0, 0, 0, 0]","[0, 0, 0, 0, 2, 8, 6, 11, 5, 5, 5, 0, 0, 4, 0, 0, 0, 2, 6, 0, 0, 0, 0, 0, 0]","[2, 5, 5, 4, 0, 0, 0, 0, 0, 0, 0, 4, 7, 0, 3, 8, 7, 0, 0, 6, 4, 2, 7, 4, 4]"
第十六出,尾声,否,7,"[11, 7, 7, 5, 12]","[0, 0, 0, 0, 0]","[0, 0, 7, 5, 0]","[11, 7, 0, 0, 12]"
第十七出,绕地游,否,1,"[4, 5, 7, 5, 4, 6]","[0, 0, 0, 0, 0, 0]","[0, 0, 0, 0, 0, 0]","[4, 5, 7, 5, 4, 6]"
第十七出,剔银灯,否,2,"[7, 7, 5, 4, 8, 2, 4, 7]","[0, 0, 0, 0, 0, 0, 0, 0]","[0, 0, 0, 0, 0, 0, 0, 0]","[7, 7, 5, 4, 8, 2, 4, 7]"
第十七出,剔银灯,是,3,"[7, 7, 3, 7, 6, 4, 8]","[0, 0, 0, 0, 0, 0, 0]","[0, 0, 3, 7, 0, 0, 0]","[7, 7, 0, 0, 6, 4, 8]"
第十八出,西江月,否,1,"[6, 6, 7, 7]","[0, 0, 0, 0]","[0, 0, 0, 0]","[6, 6, 7, 7]"
第十八出,集唐,否,2,"[5, 5, 5, 5, 6, 8, 8, 7, 5]","[0, 0, 0, 0, 0, 0, 0, 0, 0]","[0, 0, 0, 0, 0, 0, 0, 0, 0]","[5, 5, 5, 5, 6, 8, 8, 7, 5]"
第十八出,西江月,是,3,"[6, 6, 7, 6]","[0, 0, 0, 0]","[0, 0, 0, 0]","[6, 6, 7, 6]"
第十八出,玉胞肚,否,4,"[4, 7, 7, 7, 5, 7, 7]","[0, 0, 0, 0, 0, 0, 0]","[0, 0, 0, 0, 5, 0, 0]","[4, 7, 7, 7, 0, 7, 7]"
第十八出,玉胞肚,是,5,"[4, 7, 7, 7, 6, 2, 8, 7]","[0, 0, 0, 0, 0, 0, 0, 0]","[0, 0, 0, 0, 6, 2, 0, 0]","[4, 7, 7, 7, 0, 0, 8, 7]"
第十八出,粉蝶儿,否,6,"[4, 6]","[0, 0]","[0, 0]","[4, 6]"
第十八出,玉胞肚,否,7,"[5, 7, 7, 7, 2, 10, 7]","[0, 0, 0, 0, 0, 0, 0]","[0, 0, 0, 0, 2, 0, 0]","[5, 7, 7, 7, 0, 10, 7]"
第十八出,玉胞肚,是,8,"[4, 7, 7, 7, 9, 7]","[0, 0, 0, 0, 0, 0]","[0, 0, 0, 0, 0, 0]","[4, 7, 7, 7, 9, 7]"
第十八出,尾声,否,9,"[7, 8, 9]","[0, 0, 0]","[0, 0, 0]","[7, 8, 9]"
第十九出,生查子,否,1,"[5, 5, 5, 6]","[0, 0, 0, 0]","[0, 0, 0, 0]","[5, 5, 5, 6]"
第十九出,生查子,是,2,"[5, 5, 5, 6]","[0, 0, 0, 0]","[0, 0, 0, 0]","[5, 5, 5, 6]"
第十九出,桂枝香,否,3,"[6, 4, 6, 6, 5, 4, 4, 4, 6, 8, 4, 5, 7, 4, 5, 9, 4, 4, 9, 10, 7, 4, 3, 5, 5]","[2, 0, 0, 0, 0, 0, 0, 0, 0, 0, 0, 0, 0, 0, 0, 0, 0, 0, 0, 0, 0, 0, 0, 0, 0]","[0, 0, 0, 0, 0, 0, 0, 0, 6, 8, 0, 0, 0, 0, 0, 0, 0, 0, 0, 0, 0, 0, 0, 0, 0]","[4, 4, 6, 6, 5, 4, 4, 4, 0, 0, 4, 5, 7, 4, 5, 9, 4, 4, 9, 10, 7, 4, 3, 5, 5]"
第十九出,神仗儿,否,4,"[4, 4, 4, 4, 7, 3, 3]","[0, 0, 0, 0, 0, 0, 0]","[0, 0, 0, 0, 0, 0, 0]","[4, 4, 4, 4, 7, 3, 3]"
第二十出,传言玉女,否,1,"[4, 6, 6, 5, 4, 6, 5, 4]","[0, 0, 0, 0, 0, 0, 0, 0]","[0, 0, 0, 0, 0, 0, 0, 0]","[4, 6, 6, 5, 4, 6, 5, 4]"
第二十出,疏影,否,2,"[4, 5, 4, 4, 4, 6, 7, 7, 7, 6]","[0, 0, 0, 0, 0, 0, 0, 0, 0, 0]","[0, 0, 0, 0, 0, 0, 0, 0, 0, 0]","[4, 5, 4, 4, 4, 6, 7, 7, 7, 6]"
第二十出,画眉序,否,3,"[5, 7, 5, 4, 7, 7, 7, 7]","[0, 0, 0, 0, 0, 0, 0, 0]","[0, 0, 0, 0, 0, 0, 0, 0]","[5, 7, 5, 4, 7, 7, 7, 7]"
第二十出,画眉序,是,4,"[5, 7, 5, 4, 7, 7]","[0, 0, 0, 0, 0, 0]","[0, 0, 0, 0, 0, 0]","[5, 7, 5, 4, 7, 7]"
第二十出,画眉序,是,5,"[5, 7, 5, 4, 7, 7]","[0, 0, 0, 0, 0, 0]","[0, 0, 0, 0, 0, 0]","[5, 7, 5, 4, 7, 7]"
第二十出,画眉序,是,6,"[5, 7, 5, 4, 7, 7]","[0, 0, 0, 0, 0, 0]","[0, 0, 0, 0, 0, 0]","[5, 7, 5, 4, 7, 7]"
第二十出,滴溜子,否,7,"[3, 3, 4, 3, 3, 4, 7, 6, 3, 5, 4]","[0, 0, 0, 0, 0, 0, 0, 0, 0, 0, 0]","[0, 0, 0, 0, 0, 0, 0, 0, 0, 0, 0]","[3, 3, 4, 3, 3, 4, 7, 6, 3, 5, 4]"
第二十出,鲍老催,否,8,"[4, 4, 7, 7, 3, 3, 3, 7, 8, 6]","[0, 0, 0, 0, 0, 0, 0, 0, 0, 0]","[0, 0, 0, 0, 0, 0, 0, 0, 0, 0]","[4, 4, 7, 7, 3, 3, 3, 7, 8, 6]"
第二十出,双声子,否,9,"[3, 3, 6, 3, 3, 6, 3, 3, 3, 3, 5, 4]","[0, 0, 0, 0, 0, 0, 0, 0, 0, 0, 0, 0]","[0, 0, 0, 0, 0, 0, 0, 0, 0, 0, 0, 0]","[3, 3, 6, 3, 3, 6, 3, 3, 3, 3, 5, 4]"
第二十出,尾声,否,10,"[7, 7, 9]","[0, 0, 0]","[0, 0, 0]","[7, 7, 9]"
第二十一出,字字双,否,1,"[7, 2, 7, 2, 7, 2, 7, 2]","[0, 0, 0, 0, 0, 0, 0, 0]","[0, 0, 0, 0, 0, 0, 0, 0]","[7, 2, 7, 2, 7, 2, 7, 2]"
第二十一出,字字双,是,2,"[8, 2, 8, 2, 7, 2, 7, 2]","[0, 0, 0, 0, 0, 0, 0, 0]","[0, 0, 0, 0, 0, 0, 0, 0]","[8, 2, 8, 2, 7, 2, 7, 2]"
第二十一出,亭前柳,否,3,"[5, 5, 5, 5, 7, 4, 6]","[0, 0, 0, 0, 0, 0, 0]","[0, 0, 0, 0, 0, 0, 0]","[5, 5, 5, 5, 7, 4, 6]"
第二十一出,亭前柳,是,4,"[5, 5, 3, 2, 5, 5]","[0, 0, 0, 0, 0, 0]","[0, 0, 3, 2, 0, 0]","[5, 5, 0, 0, 5, 5]"
第二十二出,满庭芳,否,1,"[4, 4, 6, 4, 5, 6, 7, 3, 4, 5]","[0, 0, 0, 0, 0, 0, 0, 0, 0, 0]","[0, 0, 0, 0, 0, 0, 0, 0, 0, 0]","[4, 4, 6, 4, 5, 6, 7, 3, 4, 5]"
第二十二出,木兰花令,否,2,"[7, 7, 7, 7, 7, 7, 7, 7, 2, 8, 4, 7, 4]","[0, 0, 0, 0, 0, 0, 0, 0, 0, 0, 0, 0, 0]","[0, 0, 0, 0, 0, 0, 0, 0, 0, 0, 0, 0, 0]","[7, 7, 7, 7, 7, 7, 7, 7, 2, 8, 4, 7, 4]"
第二十二出,甘州歌,否,3,"[4, 5, 4, 4, 6, 7, 7, 3, 3, 7, 3, 3, 7]","[0, 0, 0, 0, 0, 0, 0, 0, 0, 0, 0, 0, 0]","[0, 0, 0, 0, 0, 0, 0, 0, 0, 0, 0, 0, 0]","[4, 5, 4, 4, 6, 7, 7, 3, 3, 7, 3, 3, 7]"
第二十二出,甘州歌,是,4,"[5, 5, 4, 4, 6, 7, 7, 3, 3, 7, 3, 3, 7]","[0, 0, 0, 0, 0, 0, 0, 0, 0, 0, 0, 0, 0]","[0, 0, 0, 0, 0, 0, 0, 0, 0, 0, 0, 0, 0]","[5, 5, 4, 4, 6, 7, 7, 3, 3, 7, 3, 3, 7]"
第二十二出,甘州歌,是,5,"[5, 5, 4, 4, 6, 7, 7, 3, 3, 7, 3, 3, 7]","[0, 0, 0, 0, 0, 0, 0, 0, 0, 0, 0, 0, 0]","[0, 0, 0, 0, 0, 0, 0, 0, 0, 0, 0, 0, 0]","[5, 5, 4, 4, 6, 7, 7, 3, 3, 7, 3, 3, 7]"
第二十二出,甘州歌,是,6,"[5, 5, 4, 4, 6, 8, 7, 3, 3, 7, 3, 3, 7]","[0, 0, 0, 0, 0, 0, 0, 0, 0, 0, 0, 0, 0]","[0, 0, 0, 0, 0, 0, 0, 0, 0, 0, 0, 0, 0]","[5, 5, 4, 4, 6, 8, 7, 3, 3, 7, 3, 3, 7]"
第二十二出,尾声,否,7,"[8, 7, 2, 11]","[0, 0, 0, 0]","[0, 0, 0, 0]","[8, 7, 2, 11]"
第二十三出,夜游湖,否,1,"[7, 7, 4, 4, 7]","[0, 0, 0, 0, 0]","[0, 0, 0, 0, 0]","[7, 7, 4, 4, 7]"
第二十三出,忆秦娥,否,2,"[3, 7, 3, 4, 4, 7, 7, 3, 4, 4, 7, 6, 4, 4, 6, 4, 9, 8, 9, 8, 6, 4]","[0, 0, 0, 0, 0, 0, 0, 0, 0, 0, 0, 0, 0, 0, 0, 0, 0, 0, 0, 0, 0, 0]","[0, 0, 0, 0, 0, 0, 0, 0, 0, 0, 0, 0, 0, 0, 0, 0, 0, 0, 0, 0, 0, 0]","[3, 7, 3, 4, 4, 7, 7, 3, 4, 4, 7, 6, 4, 4, 6, 4, 9, 8, 9, 8, 6, 4]"
第二十三出,玩仙灯,否,3,"[4, 8]","[0, 0]","[0, 0]","[4, 8]"
第二十三出,玉山颓,否,4,"[5, 7, 2, 10, 7, 4, 8, 5, 4, 6, 8, 4, 4, 4, 8, 8, 2, 7, 4, 4, 2, 6, 4, 10, 4, 4, 4, 10, 6, 4, 2, 2, 4, 8, 6, 4, 3, 3, 9]","[0, 0, 0, 0, 0, 0, 0, 0, 0, 0, 0, 0, 0, 0, 0, 0, 0, 0, 0, 0, 0, 0, 0, 0, 0, 0, 0, 0, 0, 0, 0, 0, 0, 0, 0, 0, 0, 0, 0]","[0, 0, 2, 10, 0, 0, 0, 0, 0, 0, 0, 0, 0, 0, 0, 0, 2, 7, 0, 0, 0, 0, 0, 0, 0, 0, 0, 0, 0, 0, 0, 0, 0, 0, 0, 4, 3, 0, 0]","[5, 7, 0, 0, 7, 4, 8, 5, 4, 6, 8, 4, 4, 4, 8, 8, 0, 0, 4, 4, 2, 6, 4, 10, 4, 4, 4, 10, 6, 4, 2, 2, 4, 8, 6, 0, 0, 3, 9]"
第二十三出,玉山颓,是,5,"[4, 8, 7, 7, 6, 6, 6, 5, 7, 7, 7, 11, 4, 4, 7, 5, 5, 5, 10]","[0, 0, 0, 0, 0, 0, 0, 0, 0, 0, 0, 0, 0, 0, 0, 0, 0, 0, 0]","[0, 0, 7, 7, 6, 6, 6, 5, 0, 0, 7, 11, 4, 0, 0, 0, 5, 0, 0]","[4, 8, 0, 0, 0, 0, 0, 0, 7, 7, 0, 0, 0, 4, 7, 5, 0, 5, 10]"
第二十四出,清江引,否,1,"[8, 5, 5, 5, 11]","[0, 0, 0, 0, 0]","[0, 0, 0, 0, 0]","[8, 5, 5, 5, 11]"
第二十四出,孝白歌,否,2,"[3, 3, 7, 5, 6, 6, 3, 5, 4, 6, 3]","[0, 0, 0, 0, 0, 0, 0, 0, 0, 0, 0]","[0, 0, 0, 0, 0, 0, 0, 5, 4, 0, 0]","[3, 3, 7, 5, 6, 6, 3, 0, 0, 6, 3]"
第二十四出,孝白歌,是,3,"[3, 3, 7, 5, 5, 6, 3, 4, 4, 6, 3]","[0, 0, 0, 0, 0, 0, 0, 0, 0, 0, 0]","[0, 0, 0, 0, 0, 0, 0, 4, 4, 0, 0]","[3, 3, 7, 5, 5, 6, 3, 0, 0, 6, 3]"
第二十四出,孝白歌,是,4,"[3, 3, 8, 5, 5, 6, 3, 5, 4, 9]","[0, 0, 0, 0, 0, 0, 0, 0, 0, 0]","[0, 0, 0, 0, 0, 0, 0, 5, 4, 0]","[3, 3, 8, 5, 5, 6, 3, 0, 0, 9]"
第二十四出,孝白歌,是,5,"[3, 3, 8, 5, 5, 6, 3, 6, 5, 4, 2, 6, 10, 12, 9, 4, 8, 6, 4, 6, 5, 4, 6, 4, 4, 8, 4, 4, 12, 4, 4, 8, 8, 13, 6, 6, 4, 13, 8, 4, 6, 8, 4, 9, 1, 6, 3]","[0, 0, 0, 0, 0, 0, 0, 0, 0, 0, 0, 0, 0, 0, 0, 0, 0, 0, 0, 0, 0, 0, 0, 0, 0, 0, 0, 0, 0, 0, 0, 0, 0, 0, 0, 0, 0, 0, 0, 0, 0, 0, 0, 0, 0, 0, 0]","[0, 0, 0, 0, 0, 0, 0, 6, 5, 4, 2, 6, 10, 0, 0, 0, 0, 0, 0, 0, 0, 0, 0, 0, 0, 0, 0, 0, 0, 0, 0, 0, 0, 0, 0, 0, 0, 0, 0, 0, 0, 0, 0, 0, 0, 0, 0]","[3, 3, 8, 5, 5, 6, 3, 0, 0, 0, 0, 0, 0, 12, 9, 4, 8, 6, 4, 6, 5, 4, 6, 4, 4, 8, 4, 4, 12, 4, 4, 8, 8, 13, 6, 6, 4, 13, 8, 4, 6, 8, 4, 9, 1, 6, 3]"
第二十五出,绕地游,否,1,"[4, 5, 7, 4, 4, 7]","[0, 0, 0, 0, 0, 0]","[0, 0, 0, 0, 0, 0]","[4, 5, 7, 4, 4, 7]"
第二十五出,破齐阵,否,2,"[6, 6, 4, 4, 6, 7, 7, 5]","[0, 0, 0, 0, 0, 0, 0, 0]","[0, 0, 0, 0, 0, 0, 0, 0]","[6, 6, 4, 4, 6, 7, 7, 5]"
第二十五出,普天乐犯,否,3,"[3, 3, 9, 7, 7, 6, 6, 8, 7, 3, 6]","[0, 0, 0, 0, 0, 0, 0, 0, 0, 0, 0]","[0, 0, 0, 0, 0, 0, 0, 0, 0, 0, 0]","[3, 3, 9, 7, 7, 6, 6, 8, 7, 3, 6]"
第二十五出,雁过沙犯,否,4,"[2, 4, 5, 6, 7, 6, 8, 7, 7, 6]","[0, 0, 0, 0, 0, 0, 0, 0, 0, 0]","[0, 0, 0, 0, 0, 0, 0, 0, 0, 0]","[2, 4, 5, 6, 7, 6, 8, 7, 7, 6]"
第二十五出,倾杯犯,否,5,"[2, 3, 3, 3, 3, 2, 4, 4, 4, 4, 7, 4, 4, 4, 4, 5]","[0, 0, 0, 0, 0, 0, 0, 0, 0, 0, 0, 0, 0, 0, 0, 0]","[0, 0, 0, 0, 0, 0, 0, 0, 0, 0, 0, 0, 0, 0, 0, 0]","[2, 3, 3, 3, 3, 2, 4, 4, 4, 4, 7, 4, 4, 4, 4, 5]"
第二十五出,山桃红犯,否,6,"[6, 6, 10, 9, 11, 8]","[0, 0, 0, 0, 0, 0]","[0, 0, 0, 0, 0, 0]","[6, 6, 10, 9, 11, 8]"
第二十六出,梨花儿,否,1,"[8, 8, 8, 1, 9]","[0, 0, 0, 0, 0]","[0, 0, 0, 0, 0]","[8, 8, 8, 1, 9]"
第二十六出,北调脱布衫,否,2,"[8, 7, 8, 9]","[0, 0, 0, 0]","[0, 0, 0, 0]","[8, 7, 8, 9]"
第二十六出,中吕小梁州,否,3,"[10, 4, 7, 3, 5]","[0, 0, 0, 0, 0]","[0, 0, 0, 0, 0]","[10, 4, 7, 3, 5]"
第二十六出,幺,否,4,"[9, 9, 8, 4, 6, 4, 1, 1, 1, 3, 3, 3, 3, 5, 5, 6, 3, 8, 7, 4, 6]","[0, 0, 0, 0, 0, 0, 0, 0, 0, 0, 0, 0, 0, 0, 0, 0, 0, 0, 0, 0, 0]","[0, 0, 8, 4, 6, 0, 0, 0, 0, 0, 0, 0, 0, 0, 0, 0, 0, 0, 0, 0, 0]","[9, 9, 0, 0, 0, 4, 1, 1, 1, 3, 3, 3, 3, 5, 5, 6, 3, 8, 7, 4, 6]"
第二十六出,耍孩儿三煞,否,5,"[3, 14, 12, 8, 12, 13, 12, 6, 7, 7]","[0, 0, 0, 0, 0, 0, 0, 0, 0, 0]","[3, 0, 0, 0, 0, 0, 0, 0, 0, 0]","[0, 14, 12, 8, 12, 13, 12, 6, 7, 7]"
第二十六出,尾声,否,6,"[3, 11, 10, 5, 14, 14]","[0, 0, 0, 0, 0, 0]","[3, 0, 0, 0, 0, 0]","[0, 11, 10, 5, 14, 14]"
第二十七出,好事近前,否,1,"[5, 6, 6, 5]","[0, 0, 0, 0]","[0, 0, 0, 0]","[5, 6, 6, 5]"
第二十七出,好事近后,否,2,"[7, 6, 6, 5]","[0, 0, 0, 0]","[0, 0, 0, 0]","[7, 6, 6, 5]"
第二十七出,清平乐,否,3,"[4, 5, 7, 6, 6, 6, 6, 6, 2, 5, 6, 5, 8, 2, 6, 7, 6, 4, 3]","[0, 0, 0, 0, 0, 0, 0, 0, 0, 0, 0, 0, 0, 0, 0, 0, 0, 0, 0]","[0, 0, 0, 0, 0, 0, 0, 0, 0, 0, 0, 0, 0, 0, 0, 0, 0, 0, 0]","[4, 5, 7, 6, 6, 6, 6, 6, 2, 5, 6, 5, 8, 2, 6, 7, 6, 4, 3]"
第二十七出,六犯宫词,否,4,"[4, 4, 6, 4, 6, 8, 7, 6, 6, 3, 3, 7, 5, 11, 11, 3, 4, 4, 9, 8, 4, 3, 4, 5]","[0, 0, 0, 0, 0, 0, 0, 0, 0, 0, 0, 0, 0, 0, 0, 0, 0, 0, 0, 0, 0, 0, 0, 0]","[0, 0, 0, 0, 0, 8, 0, 0, 6, 0, 0, 0, 5, 0, 0, 3, 0, 0, 0, 8, 4, 0, 0, 0]","[4, 4, 6, 4, 6, 0, 7, 6, 0, 3, 3, 7, 0, 11, 11, 0, 4, 4, 9, 0, 0, 3, 4, 5]"
第二十七出,六犯宫词,是,5,"[7, 4, 6, 4, 6, 5, 5, 2, 3, 3, 8, 3, 8, 3, 8, 8, 5, 4, 9, 3, 4, 5]","[0, 0, 0, 0, 0, 0, 0, 0, 0, 0, 0, 0, 0, 0, 0, 0, 0, 0, 0, 0, 0, 0]","[0, 0, 0, 0, 0, 0, 0, 2, 0, 0, 0, 3, 8, 3, 0, 0, 0, 0, 0, 0, 0, 0]","[7, 4, 6, 4, 6, 5, 5, 0, 3, 3, 8, 0, 0, 0, 8, 8, 5, 4, 9, 3, 4, 5]"
第二十七出,风入松,否,6,"[7, 7, 8, 8, 7, 6]","[0, 0, 0, 0, 0, 0]","[0, 0, 0, 0, 0, 0]","[7, 7, 8, 8, 7, 6]"
第二十七出,风入松,是,7,"[10, 7, 10, 10, 9]","[0, 0, 0, 0, 0]","[0, 0, 0, 0, 0]","[10, 7, 10, 10, 9]"
第二十七出,尾声,否,8,"[7, 8, 7, 10]","[0, 0, 0, 0]","[0, 0, 7, 0]","[7, 8, 0, 10]"
第二十七出,滴溜子,否,9,"[3, 3, 4, 3, 3, 4, 5, 8, 5, 4, 4, 4]","[0, 0, 0, 0, 0, 0, 0, 0, 0, 0, 0, 0]","[0, 0, 0, 0, 0, 0, 0, 0, 0, 0, 0, 0]","[3, 3, 4, 3, 3, 4, 5, 8, 5, 4, 4, 4]"
第二十七出,滴溜子,是,10,"[3, 3, 4, 3, 3, 4, 5, 8, 5, 4, 4, 4]","[0, 0, 0, 0, 0, 0, 0, 0, 0, 0, 0, 0]","[0, 0, 0, 0, 0, 0, 0, 0, 0, 0, 0, 0]","[3, 3, 4, 3, 3, 4, 5, 8, 5, 4, 4, 4]"
第二十七出,醉罗歌,否,11,"[7, 7, 8, 6, 4, 4, 4, 4, 8, 6, 10]","[0, 0, 0, 0, 0, 0, 0, 0, 0, 0, 0]","[0, 0, 0, 0, 0, 0, 0, 0, 0, 0, 0]","[7, 7, 8, 6, 4, 4, 4, 4, 8, 6, 10]"
第二十八出,逍遥乐,否,1,"[5, 7, 8, 4, 3, 3]","[0, 0, 0, 0, 0, 0]","[0, 0, 0, 0, 0, 0]","[5, 7, 8, 4, 3, 3]"
第二十八出,啼莺儿,否,2,"[7, 6, 7, 7, 7, 8, 3, 4, 5]","[0, 0, 0, 0, 0, 0, 0, 0, 0]","[0, 0, 0, 0, 0, 0, 0, 0, 0]","[7, 6, 7, 7, 7, 8, 3, 4, 5]"
第二十八出,啼莺儿,是,3,"[7, 6, 7, 7, 7, 7, 3, 4, 5]","[0, 0, 0, 0, 0, 0, 0, 0, 0]","[0, 0, 0, 0, 0, 0, 0, 0, 0]","[7, 6, 7, 7, 7, 7, 3, 4, 5]"
第二十八出,啄木鹂,否,4,"[3, 3, 7, 7, 7, 9, 7, 3, 4, 5]","[0, 0, 0, 0, 0, 0, 0, 0, 0, 0]","[0, 0, 0, 0, 0, 0, 0, 0, 0, 0]","[3, 3, 7, 7, 7, 9, 7, 3, 4, 5]"
第二十八出,啄木鹂,是,5,"[3, 4, 8, 7, 7, 10, 7, 3, 4, 5]","[0, 0, 0, 0, 0, 0, 0, 0, 0, 0]","[0, 0, 0, 0, 0, 0, 0, 0, 0, 0]","[3, 4, 8, 7, 7, 10, 7, 3, 4, 5]"
第二十八出,刮鼓令,否,6,"[5, 6, 3, 8, 6, 6, 4, 4, 8, 8]","[0, 0, 3, 0, 0, 0, 0, 0, 0, 0]","[0, 0, 0, 0, 0, 0, 0, 0, 0, 0]","[5, 6, 0, 8, 6, 6, 4, 4, 8, 8]"
第二十八出,刮鼓令,是,7,"[5, 6, 7, 6, 5, 5, 6]","[0, 0, 0, 0, 0, 0, 0]","[0, 0, 0, 0, 0, 0, 0]","[5, 6, 7, 6, 5, 5, 6]"
第二十九出,金钱花,否,1,"[7, 2, 7, 2, 8, 8, 4, 3, 7]","[0, 0, 0, 0, 0, 0, 0, 0, 0]","[0, 0, 0, 0, 0, 0, 0, 0, 0]","[7, 2, 7, 2, 8, 8, 4, 3, 7]"
第二十九出,南吕一枝花,否,2,"[5, 5, 5, 7, 4, 6, 10, 7, 8]","[0, 0, 0, 0, 0, 0, 0, 0, 0]","[0, 0, 0, 0, 0, 0, 0, 0, 0]","[5, 5, 5, 7, 4, 6, 10, 7, 8]"
第二十九出,梁州第七,否,3,"[10, 13, 9, 5, 4, 4, 5, 10, 10, 9, 7, 6, 7, 6, 8, 2, 4, 8, 7, 10, 5]","[0, 0, 0, 0, 0, 0, 0, 0, 0, 0, 0, 0, 0, 0, 0, 0, 0, 0, 0, 0, 0]","[0, 0, 0, 0, 0, 0, 0, 0, 0, 0, 0, 0, 0, 0, 0, 0, 0, 0, 0, 0, 0]","[10, 13, 9, 5, 4, 4, 5, 10, 10, 9, 7, 6, 7, 6, 8, 2, 4, 8, 7, 10, 5]"
第二十九出,牧羊关,否,4,"[7, 5, 10, 9, 4, 8, 9, 6, 8, 2, 8]","[0, 0, 0, 0, 0, 0, 0, 0, 0, 2, 0]","[0, 0, 0, 0, 0, 0, 0, 0, 0, 0, 0]","[7, 5, 10, 9, 4, 8, 9, 6, 8, 0, 8]"
第二十九出,四块玉,否,5,"[6, 6, 4, 2, 4, 2, 11, 3, 4, 4, 4, 12, 6, 9, 1, 11, 11, 5, 6, 2, 5]","[0, 0, 0, 0, 0, 0, 0, 0, 0, 0, 0, 0, 0, 0, 0, 0, 0, 0, 0, 0, 0]","[0, 0, 4, 0, 0, 0, 0, 3, 4, 4, 4, 0, 6, 0, 0, 0, 0, 5, 6, 0, 0]","[6, 6, 0, 2, 4, 2, 11, 0, 0, 0, 0, 12, 0, 9, 1, 11, 11, 0, 0, 2, 5]"
第二十九出,骂玉郎,否,6,"[12, 6, 2, 10, 6, 10, 5, 6, 3, 8]","[0, 0, 0, 0, 0, 0, 0, 0, 0, 0]","[0, 6, 2, 0, 6, 0, 5, 0, 0, 0]","[12, 0, 0, 10, 0, 10, 0, 6, 3, 8]"
第二十九出,哭皇天,否,7,"[1, 1, 1, 7, 7, 2, 2, 6, 5, 5, 3, 10, 7, 2, 9, 2, 6, 4, 1, 11, 9, 9, 1, 7, 5, 4, 9, 4, 2, 13, 8, 5]","[0, 0, 0, 0, 0, 0, 0, 0, 0, 0, 0, 0, 0, 0, 0, 0, 0, 0, 0, 0, 0, 0, 0, 0, 0, 0, 0, 0, 0, 0, 0, 0]","[0, 0, 0, 0, 0, 2, 2, 6, 5, 5, 3, 0, 0, 0, 0, 0, 0, 0, 0, 0, 0, 0, 1, 7, 5, 4, 9, 0, 0, 0, 0, 0]","[1, 1, 1, 7, 7, 0, 0, 0, 0, 0, 0, 10, 7, 2, 9, 2, 6, 4, 1, 11, 9, 9, 0, 0, 0, 0, 0, 4, 2, 13, 8, 5]"
第二十九出,赚尾,否,8,"[7, 7, 7, 4, 4, 2, 12]","[0, 0, 0, 0, 0, 2, 0]","[0, 0, 0, 0, 0, 0, 0]","[7, 7, 7, 4, 4, 0, 12]"
第二十九出,乌夜啼,否,9,"[10, 8, 9, 9, 4, 4, 9, 8, 7, 4]","[0, 0, 0, 0, 0, 0, 0, 0, 0, 0]","[0, 0, 0, 0, 0, 0, 0, 0, 0, 0]","[10, 8, 9, 9, 4, 4, 9, 8, 7, 4]"
第二十九出,尾煞,否,10,"[9, 8, 10, 7, 4, 16]","[0, 0, 0, 0, 0, 0]","[0, 0, 0, 0, 0, 0]","[9, 8, 10, 7, 4, 16]"
第三十出,六幺令,否,1,"[4, 7, 7, 3, 3, 9]","[0, 0, 0, 0, 0, 0]","[0, 0, 0, 0, 0, 0]","[4, 7, 7, 3, 3, 9]"
第三十出,六幺令,是,2,"[4, 8, 7, 1, 7, 8]","[0, 0, 0, 1, 0, 0]","[0, 0, 0, 0, 0, 0]","[4, 8, 7, 0, 7, 8]"
第三十出,六幺令,是,3,"[4, 7, 7, 3, 3, 8, 7, 8]","[0, 0, 0, 0, 0, 0, 0, 0]","[0, 0, 0, 0, 0, 0, 7, 0]","[4, 7, 7, 3, 3, 8, 0, 8]"
第三十出,六幺令,是,4,"[4, 7, 7, 3, 3, 9]","[0, 0, 0, 0, 0, 0]","[0, 0, 0, 0, 0, 0]","[4, 7, 7, 3, 3, 9]"
第三十一出,三台令,否,1,"[6, 7, 7, 6]","[0, 0, 0, 0]","[0, 0, 0, 0]","[6, 7, 7, 6]"
第三十一出,集唐,否,2,"[7, 7, 7, 7, 4, 4, 4, 8, 6, 6, 6, 4, 6, 8, 5, 4]","[0, 0, 0, 0, 0, 0, 0, 0, 0, 0, 0, 0, 0, 0, 0, 0]","[0, 0, 0, 0, 0, 0, 0, 0, 0, 0, 0, 0, 0, 0, 0, 0]","[7, 7, 7, 7, 4, 4, 4, 8, 6, 6, 6, 4, 6, 8, 5, 4]"
第三十一出,三台令,是,3,"[6, 6, 5, 7]","[0, 0, 0, 0]","[0, 0, 0, 0]","[6, 6, 5, 7]"
第三十一出,北醉花阴,否,4,"[10, 8, 6, 7, 7, 12, 7, 1, 9, 6]","[0, 0, 0, 0, 0, 0, 0, 0, 0, 0]","[0, 0, 0, 0, 0, 12, 0, 0, 0, 0]","[10, 8, 6, 7, 7, 0, 7, 1, 9, 6]"
第三十一出,南画眉序,否,5,"[5, 8, 9, 5, 4, 7, 8, 7, 5, 4, 8, 7]","[0, 0, 0, 0, 0, 0, 0, 0, 0, 0, 0, 0]","[0, 0, 9, 0, 0, 0, 0, 7, 5, 4, 0, 0]","[5, 8, 0, 5, 4, 7, 8, 0, 0, 0, 8, 7]"
第三十一出,北喜迁莺,否,6,"[7, 7, 4, 7, 10, 1, 3, 5, 3, 7, 7]","[0, 0, 0, 0, 0, 0, 0, 0, 0, 0, 0]","[0, 0, 0, 0, 0, 1, 3, 5, 0, 0, 0]","[7, 7, 4, 7, 10, 0, 0, 0, 3, 7, 7]"
第三十一出,南画眉序,否,7,"[5, 8, 7, 4, 9, 8, 7, 8, 7]","[0, 0, 0, 0, 0, 0, 0, 0, 0]","[0, 0, 0, 0, 0, 0, 0, 0, 0]","[5, 8, 7, 4, 9, 8, 7, 8, 7]"
第三十一出,北出队子,否,8,"[7, 6, 6, 4, 3, 8, 3, 8, 4, 8, 8, 9, 1, 13]","[0, 0, 0, 0, 0, 0, 0, 0, 0, 0, 0, 0, 1, 0]","[0, 0, 6, 4, 3, 8, 3, 8, 4, 0, 0, 0, 0, 0]","[7, 6, 0, 0, 0, 0, 0, 0, 0, 8, 8, 9, 0, 13]"
第三十一出,南滴溜子,否,9,"[3, 3, 4, 3, 3, 4, 6, 5, 4, 4, 6]","[0, 0, 0, 0, 0, 0, 0, 0, 0, 0, 0]","[0, 0, 0, 0, 0, 0, 0, 0, 0, 0, 0]","[3, 3, 4, 3, 3, 4, 6, 5, 4, 4, 6]"
第三十一出,北刮地风,否,10,"[1, 9, 5, 2, 8, 7, 8, 8, 5, 7, 6, 7, 5, 4, 9]","[0, 0, 0, 0, 0, 0, 0, 0, 0, 0, 0, 0, 0, 0, 0]","[0, 0, 0, 0, 0, 0, 0, 0, 5, 0, 0, 0, 0, 0, 0]","[1, 9, 5, 2, 8, 7, 8, 8, 0, 7, 6, 7, 5, 4, 9]"
第三十一出,南滴滴金,否,11,"[8, 8, 8, 5, 6, 9, 3, 8]","[0, 0, 0, 0, 0, 0, 0, 0]","[0, 0, 0, 0, 0, 0, 0, 0]","[8, 8, 8, 5, 6, 9, 3, 8]"
第三十一出,北四门子,否,12,"[3, 3, 8, 3, 3, 6, 12, 9, 7, 4, 2, 14, 5, 5, 6, 14, 11, 6, 11, 6, 4, 10, 5, 4, 9]","[0, 0, 0, 0, 0, 0, 0, 0, 0, 0, 0, 0, 0, 0, 0, 0, 0, 0, 0, 0, 0, 0, 0, 0, 0]","[0, 0, 0, 0, 0, 0, 0, 0, 7, 4, 2, 14, 5, 5, 6, 14, 11, 6, 11, 0, 0, 0, 0, 0, 0]","[3, 3, 8, 3, 3, 6, 12, 9, 0, 0, 0, 0, 0, 0, 0, 0, 0, 0, 0, 6, 4, 10, 5, 4, 9]"
第三十一出,南鲍老催,否,13,"[5, 11, 8, 3, 3, 3, 2, 7, 4, 4, 7, 4, 10, 8, 6]","[0, 0, 0, 0, 0, 0, 0, 0, 0, 0, 0, 0, 0, 0, 0]","[0, 0, 0, 0, 0, 0, 2, 7, 4, 4, 7, 4, 0, 0, 0]","[5, 11, 8, 3, 3, 3, 0, 0, 0, 0, 0, 0, 10, 8, 6]"
第三十一出,北水仙子,否,14,"[1, 1, 1, 4, 2, 1, 1, 1, 10, 2, 8, 7, 3, 4, 3, 1, 1, 1, 7, 1, 1, 1, 5, 1, 1, 1, 12, 1, 1, 1, 9, 3, 4, 2, 4, 1, 1, 1, 11, 1, 1, 1, 10, 3, 4, 7, 1, 1, 1, 9]","[0, 0, 0, 0, 0, 0, 0, 0, 0, 0, 0, 0, 0, 0, 0, 0, 0, 0, 0, 0, 0, 0, 0, 0, 0, 0, 0, 0, 0, 0, 0, 0, 0, 0, 0, 0, 0, 0, 0, 0, 0, 0, 0, 0, 0, 0, 0, 0, 0, 0]","[0, 0, 0, 0, 2, 0, 0, 0, 0, 2, 8, 7, 3, 4, 3, 0, 0, 0, 0, 0, 0, 0, 0, 0, 0, 0, 0, 0, 0, 0, 0, 3, 4, 2, 4, 0, 0, 0, 0, 0, 0, 0, 0, 3, 4, 7, 0, 0, 0, 0]","[1, 1, 1, 4, 0, 1, 1, 1, 10, 0, 0, 0, 0, 0, 0, 1, 1, 1, 7, 1, 1, 1, 5, 1, 1, 1, 12, 1, 1, 1, 9, 0, 0, 0, 0, 1, 1, 1, 11, 1, 1, 1, 10, 0, 0, 0, 1, 1, 1, 9]"
第三十一出,南双声子,否,15,"[3, 3, 6, 3, 3, 6, 3, 3, 3, 3, 5, 4]","[0, 0, 0, 0, 0, 0, 0, 0, 0, 0, 0, 0]","[0, 0, 0, 0, 0, 0, 0, 0, 0, 0, 0, 0]","[3, 3, 6, 3, 3, 6, 3, 3, 3, 3, 5, 4]"
第三十一出,北尾,否,16,"[11, 7, 8, 9, 2, 2, 10, 7, 10, 4, 10, 10]","[0, 0, 0, 0, 0, 0, 0, 0, 0, 0, 0, 0]","[0, 7, 8, 9, 2, 2, 0, 7, 10, 0, 0, 0]","[11, 0, 0, 0, 0, 0, 10, 0, 0, 4, 10, 10]"
第三十二出,小蓬莱,否,1,"[6, 6, 4, 4, 5]","[0, 0, 0, 0, 0]","[0, 0, 0, 0, 0]","[6, 6, 4, 4, 5]"
第三十二出,集唐,否,2,"[7, 7, 7, 7, 6, 6, 6, 6, 4, 4, 6, 6]","[0, 0, 0, 0, 0, 0, 0, 0, 0, 0, 0, 0]","[0, 0, 0, 0, 0, 0, 0, 0, 0, 0, 0, 0]","[7, 7, 7, 7, 6, 6, 6, 6, 4, 4, 6, 6]"
第三十二出,小蓬莱,是,3,"[6, 6, 1, 4, 4, 5]","[0, 0, 1, 0, 0, 0]","[0, 0, 0, 0, 0, 0]","[6, 6, 0, 4, 4, 5]"
第三十二出,琐窗郎,否,4,"[7, 8, 6, 6, 6, 2, 3, 4, 4, 10, 6]","[0, 0, 0, 0, 0, 0, 0, 0, 0, 0, 0]","[0, 0, 6, 0, 0, 2, 3, 0, 0, 0, 0]","[7, 8, 0, 6, 6, 0, 0, 4, 4, 10, 6]"
第三十二出,琐窗郎,是,5,"[7, 8, 5, 4, 9, 2, 2, 6, 6]","[0, 0, 0, 0, 0, 0, 0, 0, 0]","[0, 0, 0, 0, 0, 2, 2, 0, 0]","[7, 8, 5, 4, 9, 0, 0, 6, 6]"
第三十二出,琐窗郎,是,6,"[7, 10, 2, 9, 8, 10, 4, 4, 7, 5, 4, 9, 4, 4, 7, 7, 6]","[0, 0, 0, 0, 0, 0, 0, 0, 0, 0, 0, 0, 0, 0, 0, 0, 0]","[0, 0, 2, 9, 8, 10, 4, 4, 7, 0, 0, 0, 4, 0, 0, 0, 0]","[7, 10, 0, 0, 0, 0, 0, 0, 0, 5, 4, 9, 0, 4, 7, 7, 6]"
第三十三出,意迟迟,否,1,"[7, 5, 5, 7, 8, 8]","[0, 0, 0, 0, 0, 0]","[0, 0, 0, 0, 0, 0]","[7, 5, 5, 7, 8, 8]"
第三十三出,古调笑,否,2,"[2, 2, 6, 6, 6, 2, 2, 6, 6, 6, 6, 4, 6, 8, 4, 2, 8, 8, 4, 8, 4, 6, 11, 8]","[0, 0, 0, 0, 0, 0, 0, 0, 0, 0, 0, 0, 0, 0, 0, 0, 0, 0, 0, 0, 0, 0, 0, 0]","[0, 0, 0, 0, 0, 0, 0, 0, 0, 0, 0, 0, 0, 0, 0, 0, 0, 0, 0, 0, 0, 0, 0, 0]","[2, 2, 6, 6, 6, 2, 2, 6, 6, 6, 6, 4, 6, 8, 4, 2, 8, 8, 4, 8, 4, 6, 11, 8]"
第三十三出,步蟾宫,否,3,"[7, 7, 8, 7]","[0, 0, 0, 0]","[0, 0, 0, 0]","[7, 7, 8, 7]"
第三十三出,集贤宾,否,4,"[8, 6, 9, 9, 5, 7, 9, 3, 4, 5, 5, 7, 3, 7]","[0, 0, 0, 0, 0, 0, 0, 0, 0, 0, 0, 0, 0, 0]","[0, 0, 0, 9, 5, 7, 0, 3, 4, 5, 0, 0, 3, 0]","[8, 6, 9, 0, 0, 0, 9, 0, 0, 0, 5, 7, 0, 7]"
第三十三出,集贤宾,是,5,"[3, 9, 5, 9, 7, 3, 6, 7]","[0, 0, 0, 0, 0, 0, 0, 0]","[0, 0, 0, 0, 0, 0, 0, 0]","[3, 9, 5, 9, 7, 3, 6, 7]"
第三十三出,猫儿坠,否,6,"[4, 6, 9, 8, 2, 4, 4]","[0, 0, 0, 0, 0, 0, 0]","[0, 0, 0, 0, 0, 0, 0]","[4, 6, 9, 8, 2, 4, 4]"
第三十三出,猫儿坠,是,7,"[4, 5, 7, 8, 2, 4, 4]","[0, 0, 0, 0, 0, 0, 0]","[0, 0, 0, 0, 0, 0, 0]","[4, 5, 7, 8, 2, 4, 4]"
第三十三出,皂莺儿,否,8,"[5, 6, 3, 8, 4, 4, 8, 4, 4, 4, 4, 8, 3, 4, 5]","[0, 0, 0, 0, 0, 0, 0, 0, 0, 0, 0, 0, 0, 0, 0]","[0, 0, 0, 0, 0, 0, 0, 0, 0, 0, 0, 0, 0, 0, 0]","[5, 6, 3, 8, 4, 4, 8, 4, 4, 4, 4, 8, 3, 4, 5]"
第三十四出,浪淘沙,否,1,"[5, 4, 7, 7, 4]","[0, 0, 0, 0, 0]","[0, 0, 0, 0, 0]","[5, 4, 7, 7, 4]"
第三十四出,浪淘沙,是,2,"[5, 4, 7, 7, 4]","[0, 0, 0, 0, 0]","[0, 0, 0, 0, 0]","[5, 4, 7, 7, 4]"
第三十四出,一落索,否,3,"[6, 6, 7, 1, 6]","[0, 0, 0, 1, 0]","[0, 0, 0, 0, 0]","[6, 6, 7, 0, 6]"
第三十四出,懒画眉,否,4,"[7, 7, 5, 6, 4, 7, 10, 8, 3, 6, 10]","[0, 0, 0, 0, 0, 0, 0, 0, 0, 0, 0]","[0, 0, 5, 6, 4, 7, 0, 0, 3, 6, 0]","[7, 7, 0, 0, 0, 0, 10, 8, 0, 0, 10]"
第三十四出,懒画眉,是,5,"[8, 8, 7, 5, 7, 9, 10]","[0, 0, 0, 0, 0, 0, 0]","[0, 0, 0, 5, 7, 0, 0]","[8, 8, 7, 0, 0, 9, 10]"
第三十四出,山花子,否,6,"[8, 6, 7, 7, 7, 8, 7, 10, 4, 4]","[0, 0, 0, 0, 0, 0, 0, 0, 0, 0]","[0, 0, 0, 0, 7, 0, 0, 0, 0, 0]","[8, 6, 7, 7, 0, 8, 7, 10, 4, 4]"
第三十四出,山花子,是,7,"[9, 7, 7, 7, 8, 7, 10]","[0, 0, 0, 0, 0, 0, 0]","[0, 0, 0, 0, 0, 0, 0]","[9, 7, 7, 7, 8, 7, 10]"
第三十四出,大和佛,否,8,"[8, 6, 3, 5, 6, 5, 3, 5, 7, 6, 6, 6, 6, 7, 3, 3, 4, 3, 3]","[0, 0, 0, 0, 0, 0, 0, 0, 0, 0, 0, 0, 0, 0, 0, 0, 0, 0, 0]","[0, 0, 3, 0, 0, 0, 3, 5, 0, 0, 0, 0, 0, 0, 3, 0, 0, 0, 0]","[8, 6, 0, 5, 6, 5, 0, 0, 7, 6, 6, 6, 6, 7, 0, 3, 4, 3, 3]"
第三十四出,舞霓裳,否,9,"[8, 8, 7, 11, 3, 7, 3, 9]","[0, 0, 0, 0, 0, 0, 0, 0]","[0, 0, 0, 0, 0, 0, 0, 0]","[8, 8, 7, 11, 3, 7, 3, 9]"
第三十四出,红绣鞋,否,10,"[6, 2, 6, 2, 3, 3, 3, 3, 3, 3]","[0, 0, 0, 0, 0, 0, 0, 0, 0, 0]","[0, 0, 0, 0, 0, 0, 0, 0, 0, 0]","[6, 2, 6, 2, 3, 3, 3, 3, 3, 3]"
第三十四出,尾声,否,11,"[7, 11, 12]","[0, 0, 0]","[0, 0, 0]","[7, 11, 12]"
第三十五出,绕红楼,否,1,"[7, 7, 5, 4, 5]","[0, 0, 0, 0, 0]","[0, 0, 0, 0, 0]","[7, 7, 5, 4, 5]"
第三十五出,清平乐,否,2,"[4, 5, 7, 6, 4, 7, 6, 6, 6, 9, 4, 6, 6, 4, 8, 6, 7, 5, 5, 3, 6, 7, 4, 11, 4, 2, 3]","[0, 0, 0, 0, 0, 0, 0, 0, 0, 0, 0, 0, 0, 0, 0, 0, 0, 0, 0, 0, 0, 0, 0, 0, 0, 0, 0]","[0, 0, 0, 0, 0, 0, 0, 0, 0, 0, 0, 0, 0, 0, 0, 0, 0, 0, 0, 0, 0, 0, 0, 0, 0, 0, 0]","[4, 5, 7, 6, 4, 7, 6, 6, 6, 9, 4, 6, 6, 4, 8, 6, 7, 5, 5, 3, 6, 7, 4, 11, 4, 2, 3]"
第三十五出,哭相思,否,3,"[5, 3, 9]","[0, 0, 0]","[0, 0, 0]","[5, 3, 9]"
第三十五出,红衲袄,否,4,"[9, 10, 10, 10, 6, 4, 3, 3, 4, 2, 10, 10]","[0, 0, 0, 0, 0, 0, 0, 0, 0, 0, 0, 0]","[0, 0, 0, 0, 0, 0, 0, 0, 0, 0, 0, 0]","[9, 10, 10, 10, 6, 4, 3, 3, 4, 2, 10, 10]"
第三十五出,红衲袄,是,5,"[3, 11, 10, 10, 10, 6, 4, 6, 4, 10, 13]","[0, 0, 0, 0, 0, 0, 0, 0, 0, 0, 0]","[3, 0, 0, 0, 0, 0, 0, 0, 0, 0, 0]","[0, 11, 10, 10, 10, 6, 4, 6, 4, 10, 13]"
第三十六出,绕地游,否,1,"[4, 5, 1, 7, 4, 4, 7]","[0, 0, 0, 0, 0, 0, 0]","[0, 0, 0, 0, 0, 0, 0]","[4, 5, 1, 7, 4, 4, 7]"
第三十六出,绕地游,是,2,"[4, 5, 7, 4, 4, 7]","[0, 0, 0, 0, 0, 0]","[0, 0, 0, 0, 0, 0]","[4, 5, 7, 4, 4, 7]"
第三十六出,马蹄花,否,3,"[4, 7, 6, 6, 4, 4, 6, 11, 10, 7, 7]","[0, 0, 0, 0, 0, 0, 0, 0, 0, 0, 0]","[0, 0, 6, 0, 0, 0, 6, 0, 0, 0, 0]","[4, 7, 0, 6, 4, 4, 0, 11, 10, 7, 7]"
第三十六出,马蹄花,是,4,"[4, 4, 7, 4, 6, 4, 6, 7, 7, 8, 9]","[0, 0, 0, 0, 0, 0, 0, 0, 0, 0, 0]","[0, 0, 0, 0, 0, 0, 0, 0, 0, 0, 0]","[4, 4, 7, 4, 6, 4, 6, 7, 7, 8, 9]"
第三十六出,卜算子,否,5,"[5, 5, 7, 5]","[0, 0, 0, 0]","[0, 0, 0, 0]","[5, 5, 7, 5]"
第三十六出,八声甘州,否,6,"[4, 5, 4, 4, 6, 10, 7, 2, 7, 7, 3, 7]","[0, 0, 0, 0, 0, 0, 0, 0, 0, 0, 0, 0]","[0, 0, 0, 0, 0, 10, 7, 0, 0, 0, 0, 0]","[4, 5, 4, 4, 6, 0, 0, 2, 7, 7, 3, 7]"
第三十六出,八声甘州,是,7,"[7, 5, 4, 5, 7, 7, 7]","[0, 0, 0, 0, 0, 0, 0]","[0, 0, 0, 0, 0, 0, 0]","[7, 5, 4, 5, 7, 7, 7]"
第三十七出,忆秦娥前,否,1,"[3, 7, 3, 4, 4]","[0, 0, 0, 0, 0]","[0, 0, 0, 0, 0]","[3, 7, 3, 4, 4]"
第三十七出,唐多令,否,2,"[5, 5, 7, 7, 6, 8, 4, 6, 4, 4, 4, 6, 4, 4, 4, 6, 9, 7, 4, 4, 7, 7, 4, 4, 5, 6, 4, 6, 8, 4, 5, 4]","[0, 0, 0, 0, 0, 0, 0, 0, 0, 0, 0, 0, 0, 0, 0, 0, 0, 0, 0, 0, 0, 0, 0, 0, 0, 0, 0, 0, 0, 0, 0, 0]","[0, 0, 0, 0, 0, 0, 0, 0, 0, 0, 0, 0, 0, 0, 0, 0, 0, 0, 0, 0, 0, 0, 0, 0, 0, 0, 0, 0, 0, 0, 0, 0]","[5, 5, 7, 7, 6, 8, 4, 6, 4, 4, 4, 6, 4, 4, 4, 6, 9, 7, 4, 4, 7, 7, 4, 4, 5, 6, 4, 6, 8, 4, 5, 4]"
第三十七出,金落索,否,3,"[3, 5, 5, 4, 5, 4, 3, 7, 7, 9, 3, 8, 7, 4, 10]","[0, 0, 0, 0, 0, 0, 0, 0, 0, 0, 0, 0, 0, 0, 0]","[0, 0, 0, 0, 0, 0, 0, 0, 0, 0, 0, 0, 0, 0, 0]","[3, 5, 5, 4, 5, 4, 3, 7, 7, 9, 3, 8, 7, 4, 10]"
第三十七出,忆秦娥后,否,4,"[7, 7, 3, 4, 4]","[0, 0, 0, 0, 0]","[0, 0, 0, 0, 0]","[7, 7, 3, 4, 4]"
第三十七出,金落索,否,5,"[5, 5, 4, 5, 5, 3, 7, 7, 7, 3, 7, 8, 5, 7]","[0, 0, 0, 0, 0, 0, 0, 0, 0, 0, 0, 0, 0, 0]","[0, 0, 0, 0, 0, 0, 0, 0, 0, 0, 0, 0, 0, 0]","[5, 5, 4, 5, 5, 3, 7, 7, 7, 3, 7, 8, 5, 7]"
第三十七出,刘泼帽,否,6,"[7, 7, 8, 8]","[0, 0, 0, 0]","[0, 0, 0, 0]","[7, 7, 8, 8]"
第三十七出,刘泼帽,是,7,"[9, 8, 8, 8, 8]","[0, 0, 0, 0, 0]","[0, 0, 8, 0, 0]","[9, 8, 0, 8, 8]"
第三十八出,懒画眉,否,1,"[9, 9, 10, 8, 10]","[0, 0, 0, 0, 0]","[0, 0, 0, 0, 0]","[9, 9, 10, 8, 10]"
第三十八出,不是路,否,2,"[4, 7, 3, 9, 2, 3, 8, 9, 3, 7, 4, 4]","[0, 0, 0, 0, 0, 0, 0, 0, 0, 0, 0, 0]","[0, 0, 0, 0, 2, 0, 0, 0, 0, 0, 0, 0]","[4, 7, 3, 9, 0, 3, 8, 9, 3, 7, 4, 4]"
第三十八出,鹊仙桥,否,3,"[4, 4, 6, 7, 7]","[0, 0, 0, 0, 0]","[0, 0, 0, 0, 0]","[4, 4, 6, 7, 7]"
第三十八出,鹊仙桥,是,4,"[4, 4, 6, 7, 6]","[0, 0, 0, 0, 0]","[0, 0, 0, 0, 0]","[4, 4, 6, 7, 6]"
第三十八出,西江月,否,5,"[6, 6, 7, 6, 6, 6, 10, 6, 4, 9, 6, 4, 5, 7, 7, 7, 13, 5, 7, 8, 10, 7, 6, 6, 5, 5, 5, 7, 7]","[0, 0, 0, 0, 0, 0, 0, 0, 0, 0, 0, 0, 0, 0, 0, 0, 0, 0, 0, 0, 0, 0, 0, 0, 0, 0, 0, 0, 0]","[0, 0, 0, 0, 0, 0, 0, 0, 0, 0, 0, 0, 0, 0, 0, 0, 0, 0, 0, 0, 0, 0, 0, 0, 0, 0, 0, 0, 0]","[6, 6, 7, 6, 6, 6, 10, 6, 4, 9, 6, 4, 5, 7, 7, 7, 13, 5, 7, 8, 10, 7, 6, 6, 5, 5, 5, 7, 7]"
第三十八出,解三酲犯,否,6,"[8, 7, 9, 3, 4, 9, 8, 3, 7]","[0, 0, 0, 0, 0, 0, 0, 0, 0]","[0, 0, 0, 0, 0, 0, 0, 0, 0]","[8, 7, 9, 3, 4, 9, 8, 3, 7]"
第三十八出,解三酲犯,是,7,"[11, 10, 5, 5, 7, 3, 10, 3, 3, 5, 8, 3, 9]","[0, 0, 0, 0, 0, 0, 0, 0, 0, 0, 0, 0, 0]","[0, 0, 0, 0, 0, 0, 0, 0, 0, 0, 0, 0, 0]","[11, 10, 5, 5, 7, 3, 10, 3, 3, 5, 8, 3, 9]"
第三十八出,解三酲犯,是,8,"[8, 8, 9, 6, 3, 3, 9, 3, 3, 6, 4, 10]","[0, 0, 0, 0, 0, 0, 0, 0, 0, 0, 0, 0]","[0, 0, 0, 0, 0, 0, 0, 0, 0, 0, 0, 0]","[8, 8, 9, 6, 3, 3, 9, 3, 3, 6, 4, 10]"
第三十八出,蛮儿犯,否,9,"[4, 6, 6, 8, 4, 6, 6, 7]","[0, 0, 0, 0, 0, 0, 0, 0]","[0, 0, 0, 0, 0, 0, 0, 0]","[4, 6, 6, 8, 4, 6, 6, 7]"
第三十八出,蛮儿犯,是,10,"[4, 4, 6, 7, 7]","[0, 0, 0, 0, 0]","[0, 0, 0, 0, 0]","[4, 4, 6, 7, 7]"
第三十八出,蛮儿犯,是,11,"[4, 4, 6, 8, 7]","[0, 0, 0, 0, 0]","[0, 0, 0, 0, 0]","[4, 4, 6, 8, 7]"
第三十八出,蛮儿犯,是,12,"[5, 4, 6, 7, 7]","[0, 0, 0, 0, 0]","[0, 0, 0, 0, 0]","[5, 4, 6, 7, 7]"
第三十八出,鹅鸭满度船,否,13,"[6, 5, 3, 3, 5, 5, 9, 7, 7]","[0, 0, 0, 0, 0, 0, 0, 0, 0]","[0, 0, 0, 0, 0, 0, 0, 0, 0]","[6, 5, 3, 3, 5, 5, 9, 7, 7]"
第三十八出,尾声,否,14,"[9, 8, 4, 8]","[0, 0, 0, 0]","[0, 0, 0, 0]","[9, 8, 4, 8]"
第三十九出,菊花新,否,1,"[7, 7, 5, 7]","[0, 0, 0, 0]","[0, 0, 0, 0]","[7, 7, 5, 7]"
第三十九出,菊花新,是,2,"[7, 7, 5, 10]","[0, 0, 0, 0]","[0, 0, 0, 0]","[7, 7, 5, 10]"
第三十九出,琐窗郎,否,3,"[4, 1, 1, 1, 7, 1, 8, 1, 8, 8, 5, 5, 4, 4, 4, 7, 7, 3, 7, 6]","[0, 0, 0, 0, 0, 0, 0, 0, 0, 0, 0, 0, 0, 0, 0, 0, 0, 0, 0, 0]","[0, 0, 0, 0, 0, 1, 8, 0, 0, 0, 0, 0, 0, 0, 4, 7, 0, 0, 0, 0]","[4, 1, 1, 1, 7, 0, 0, 1, 8, 8, 5, 5, 4, 4, 0, 0, 7, 3, 7, 6]"
第三十九出,琐窗郎,是,4,"[7, 8, 6, 4, 4, 4, 7]","[0, 0, 0, 0, 0, 0, 0]","[0, 0, 0, 0, 0, 0, 0]","[7, 8, 6, 4, 4, 4, 7]"
第三十九出,意不尽,否,5,"[8, 9, 4, 6, 4, 11]","[0, 0, 0, 0, 0, 0]","[0, 0, 4, 6, 4, 0]","[8, 9, 0, 0, 0, 11]"
第四十出,胜如花,否,1,"[3, 3, 6, 7, 7, 8, 7, 7, 4, 6, 7, 8, 10]","[0, 0, 0, 0, 0, 0, 0, 0, 0, 0, 0, 0, 0]","[0, 0, 0, 0, 0, 0, 0, 0, 0, 0, 0, 0, 0]","[3, 3, 6, 7, 7, 8, 7, 7, 4, 6, 7, 8, 10]"
第四十出,金蕉叶,否,2,"[4, 7, 10, 12]","[0, 0, 0, 0]","[0, 0, 0, 0]","[4, 7, 10, 12]"
第四十出,长相思,否,3,"[4, 3, 7, 5, 3, 3, 7, 5, 1, 6, 6, 4, 4, 4, 4, 5, 7, 7, 6, 2, 2, 6]","[0, 0, 0, 0, 0, 0, 0, 0, 0, 0, 0, 0, 0, 0, 0, 0, 0, 0, 0, 0, 0, 0]","[0, 0, 0, 0, 0, 0, 0, 0, 0, 0, 0, 0, 0, 0, 0, 0, 0, 0, 0, 0, 0, 0]","[4, 3, 7, 5, 3, 3, 7, 5, 1, 6, 6, 4, 4, 4, 4, 5, 7, 7, 6, 2, 2, 6]"
第四十出,三换头,否,4,"[4, 4, 4, 2, 3, 6, 5, 5, 4, 4, 4, 8, 6, 4, 4, 6, 4, 4, 4, 9, 2, 2, 3, 4, 2, 4, 1, 1, 9, 7, 3, 5, 10, 1, 7, 4, 7, 4, 6, 5, 5, 1, 4, 4, 3, 12, 5, 8]","[0, 0, 0, 0, 0, 0, 0, 0, 0, 0, 0, 0, 0, 0, 0, 0, 0, 0, 0, 0, 0, 0, 0, 0, 0, 0, 0, 0, 0, 0, 0, 0, 0, 0, 0, 0, 0, 0, 0, 0, 0, 0, 0, 0, 0, 0, 0, 0]","[0, 0, 0, 0, 0, 6, 5, 5, 4, 4, 4, 8, 6, 4, 4, 6, 4, 4, 4, 9, 0, 0, 0, 0, 0, 0, 0, 0, 0, 0, 0, 0, 0, 1, 7, 4, 7, 4, 6, 0, 0, 1, 4, 4, 3, 12, 0, 0]","[4, 4, 4, 2, 3, 0, 0, 0, 0, 0, 0, 0, 0, 0, 0, 0, 0, 0, 0, 0, 2, 2, 3, 4, 2, 4, 1, 1, 9, 7, 3, 5, 10, 0, 0, 0, 0, 0, 0, 5, 5, 0, 0, 0, 0, 0, 5, 8]"
第四十出,三换头,是,5,"[4, 4, 4, 6, 9, 5, 6, 6, 6, 5, 10, 5, 5, 2, 4, 4, 4, 7]","[0, 0, 0, 0, 0, 0, 0, 0, 0, 0, 0, 0, 0, 0, 0, 0, 0, 0]","[0, 0, 0, 0, 9, 5, 6, 6, 6, 0, 0, 0, 0, 2, 4, 4, 0, 0]","[4, 4, 4, 6, 0, 0, 0, 0, 0, 5, 10, 5, 5, 0, 0, 0, 4, 7]"
第四十出,入赚,否,6,"[4, 7, 3, 8, 4, 5, 5, 5, 6, 7, 7, 7, 6, 7, 4, 7, 3, 5, 9, 5, 7, 2, 5, 7, 5, 7]","[0, 0, 0, 0, 0, 0, 0, 0, 0, 0, 0, 0, 0, 0, 0, 0, 0, 0, 0, 0, 0, 0, 0, 0, 0, 0]","[0, 0, 0, 0, 0, 0, 0, 0, 0, 0, 0, 0, 0, 0, 0, 0, 3, 5, 0, 0, 0, 2, 0, 0, 0, 0]","[4, 7, 3, 8, 4, 5, 5, 5, 6, 7, 7, 7, 6, 7, 4, 7, 0, 0, 9, 5, 7, 0, 5, 7, 5, 7]"
第四十一出,金鸡叫,否,1,"[5, 4, 4, 7, 4, 4]","[0, 0, 0, 0, 0, 0]","[0, 0, 0, 0, 0, 0]","[5, 4, 4, 7, 4, 4]"
第四十一出,逍遥乐,否,2,"[4, 7, 8, 4, 4, 4]","[0, 0, 0, 0, 0, 0]","[0, 0, 0, 0, 0, 0]","[4, 7, 8, 4, 4, 4]"
第四十一出,皂罗袍,否,3,"[2, 4, 5, 4, 3, 2, 6, 7, 7, 5, 4, 4, 4, 7]","[0, 0, 0, 0, 0, 0, 0, 0, 0, 0, 0, 0, 0, 0]","[0, 0, 0, 0, 3, 2, 6, 0, 0, 0, 0, 0, 0, 0]","[2, 4, 5, 4, 0, 0, 0, 7, 7, 5, 4, 4, 4, 7]"
第四十一出,皂罗袍,是,4,"[6, 5, 4, 7, 7, 2, 6, 4, 4, 4, 5]","[0, 0, 0, 0, 0, 0, 0, 0, 0, 0, 0]","[0, 0, 0, 0, 0, 2, 6, 0, 0, 0, 0]","[6, 5, 4, 7, 7, 0, 0, 4, 4, 4, 5]"
第四十一出,意不尽,否,5,"[8, 7, 2, 2, 11]","[0, 0, 0, 0, 0]","[0, 0, 2, 2, 0]","[8, 7, 0, 0, 11]"
第四十二出,绣带儿,否,1,"[3, 10, 4, 6, 9, 8, 6, 1, 7, 9, 2, 3, 12, 8, 4, 7, 10, 6, 7, 1, 9, 11, 1, 10, 9]","[0, 0, 0, 0, 0, 0, 0, 0, 0, 0, 0, 0, 0, 0, 0, 0, 0, 0, 0, 0, 0, 0, 0, 0, 0]","[0, 0, 4, 0, 9, 8, 6, 1, 0, 0, 0, 3, 12, 0, 4, 0, 10, 6, 7, 1, 9, 11, 1, 0, 0]","[3, 10, 0, 6, 0, 0, 0, 0, 7, 9, 2, 0, 0, 8, 0, 7, 0, 0, 0, 0, 0, 0, 0, 10, 9]"
第四十二出,长相思,否,2,"[3, 3, 7, 5, 3, 3, 7, 5, 4, 7, 7, 7, 7, 4, 5]","[0, 0, 0, 0, 0, 0, 0, 0, 0, 0, 0, 0, 0, 0, 0]","[0, 0, 0, 0, 0, 0, 0, 0, 0, 0, 0, 0, 0, 0, 0]","[3, 3, 7, 5, 3, 3, 7, 5, 4, 7, 7, 7, 7, 4, 5]"
第四十二出,绣带儿,是,3,"[2, 7, 7, 4, 4, 7, 3, 4, 7, 1, 4, 4, 11, 3, 10, 7, 7, 2, 8, 3, 7, 4, 1, 6, 9, 10, 1, 7, 7, 3, 8]","[0, 0, 0, 0, 0, 0, 0, 0, 0, 0, 0, 0, 0, 0, 0, 0, 0, 0, 0, 0, 0, 0, 0, 0, 0, 0, 0, 0, 0, 0, 0]","[0, 0, 0, 4, 4, 7, 0, 0, 0, 0, 0, 0, 0, 0, 0, 0, 0, 0, 8, 0, 0, 0, 0, 0, 0, 0, 1, 7, 0, 0, 0]","[2, 7, 7, 0, 0, 0, 3, 4, 7, 1, 4, 4, 11, 3, 10, 7, 7, 2, 0, 3, 7, 4, 1, 6, 9, 10, 0, 0, 7, 3, 8]"
第四十二出,宜春令,否,4,"[3, 3, 10, 6, 4, 10, 5, 4, 4, 5, 9, 4, 4, 5, 15, 3, 3, 8, 9, 4, 9, 2, 2, 2, 4, 10, 10, 3, 5, 6, 5, 3, 7]","[0, 0, 0, 0, 0, 0, 0, 0, 0, 0, 0, 0, 0, 0, 0, 0, 0, 0, 0, 0, 0, 0, 0, 0, 0, 0, 0, 0, 0, 0, 0, 0, 0]","[0, 0, 0, 6, 0, 0, 5, 4, 4, 5, 9, 4, 4, 5, 15, 3, 3, 8, 9, 4, 9, 2, 2, 2, 4, 0, 0, 3, 5, 6, 5, 0, 0]","[3, 3, 10, 0, 4, 10, 0, 0, 0, 0, 0, 0, 0, 0, 0, 0, 0, 0, 0, 0, 0, 0, 0, 0, 0, 10, 10, 0, 0, 0, 0, 3, 7]"
第四十二出,宜春令,是,5,"[3, 3, 3, 8, 2, 2, 11, 3, 4, 5, 10, 2, 2, 4, 12, 6, 1, 6, 4, 8, 4, 6, 4, 6, 6, 2, 2, 2, 5, 4, 2, 2, 4, 7, 8, 8, 11, 7, 4, 9, 6, 9, 10, 3, 3, 8]","[0, 0, 0, 0, 0, 0, 0, 0, 0, 0, 0, 0, 0, 0, 0, 0, 0, 0, 0, 0, 0, 0, 0, 0, 0, 0, 0, 0, 0, 0, 0, 0, 0, 0, 0, 0, 0, 0, 0, 0, 0, 0, 0, 0, 0, 0]","[0, 0, 3, 0, 2, 2, 11, 3, 0, 0, 0, 0, 0, 0, 0, 6, 1, 6, 0, 0, 0, 0, 0, 0, 0, 0, 0, 0, 0, 0, 0, 0, 0, 0, 0, 8, 11, 7, 4, 9, 6, 9, 10, 3, 0, 0]","[3, 3, 0, 8, 0, 0, 0, 0, 4, 5, 10, 2, 2, 4, 12, 0, 0, 0, 4, 8, 4, 6, 4, 6, 6, 2, 2, 2, 5, 4, 2, 2, 4, 7, 8, 0, 0, 0, 0, 0, 0, 0, 0, 0, 3, 8]"
第四十二出,宜春令,是,6,"[3, 3, 10, 3, 8, 4, 9, 15, 3, 4, 11, 4, 12, 5, 1, 4, 6, 4, 6, 4, 4, 4, 4, 8, 2, 2, 12, 7, 7, 6, 4, 4, 3, 11]","[0, 0, 0, 0, 0, 0, 0, 0, 0, 0, 0, 0, 0, 0, 0, 0, 0, 0, 0, 0, 0, 0, 0, 0, 0, 0, 0, 0, 0, 0, 0, 0, 0, 0]","[0, 0, 0, 3, 8, 4, 9, 15, 3, 4, 11, 0, 0, 5, 1, 4, 6, 4, 6, 0, 0, 0, 0, 0, 0, 0, 0, 0, 0, 6, 4, 4, 0, 0]","[3, 3, 10, 0, 0, 0, 0, 0, 0, 0, 0, 4, 12, 0, 0, 0, 0, 0, 0, 4, 4, 4, 4, 8, 2, 2, 12, 7, 7, 0, 0, 0, 3, 11]"
第四十二出,宜春令,是,7,"[3, 3, 9, 5, 10, 2, 7, 5, 9, 8, 3, 6, 4, 7, 7, 5, 11, 6, 10, 3, 11]","[0, 0, 0, 0, 0, 0, 0, 0, 0, 0, 0, 0, 0, 0, 0, 0, 0, 0, 0, 0, 0]","[0, 0, 0, 0, 0, 2, 7, 5, 9, 8, 3, 6, 4, 7, 0, 5, 0, 6, 10, 0, 0]","[3, 3, 9, 5, 10, 0, 0, 0, 0, 0, 0, 0, 0, 0, 7, 0, 11, 0, 0, 3, 11]"
第四十二出,太师引,否,8,"[8, 10, 7, 10, 4, 4, 10, 2, 2, 8, 5, 4, 4, 7, 8, 4, 2, 10, 8, 7, 4, 5, 10, 4, 12, 8, 7, 4, 2, 2, 3, 5, 13]","[0, 0, 0, 0, 0, 0, 0, 0, 0, 0, 0, 0, 0, 0, 0, 0, 0, 0, 0, 0, 0, 0, 0, 0, 0, 0, 0, 0, 0, 0, 0, 0, 0]","[0, 0, 0, 0, 4, 4, 10, 2, 2, 8, 5, 4, 4, 7, 0, 0, 0, 0, 0, 0, 4, 5, 10, 4, 12, 8, 7, 4, 2, 2, 0, 0, 0]","[8, 10, 7, 10, 0, 0, 0, 0, 0, 0, 0, 0, 0, 0, 8, 4, 2, 10, 8, 7, 0, 0, 0, 0, 0, 0, 0, 0, 0, 0, 3, 5, 13]"
第四十二出,太师引,是,9,"[3, 3, 10, 6, 6, 4, 10, 4, 5, 5, 4, 6, 2, 5, 5, 4, 6, 8, 6, 12, 6, 6, 4, 5, 5, 6, 7, 4, 8, 7, 6, 7, 7, 4, 12, 7, 10, 4, 8, 7, 3, 5, 8]","[0, 0, 0, 0, 0, 0, 0, 0, 0, 0, 0, 0, 0, 0, 0, 0, 0, 0, 0, 0, 0, 0, 0, 0, 0, 0, 0, 0, 0, 0, 0, 0, 0, 0, 0, 0, 0, 0, 0, 0, 0, 0, 0]","[0, 0, 0, 6, 6, 4, 10, 4, 5, 5, 4, 6, 2, 5, 0, 0, 0, 0, 0, 0, 0, 0, 0, 0, 0, 0, 0, 0, 0, 0, 0, 0, 0, 4, 12, 7, 0, 0, 0, 0, 0, 0, 0]","[3, 3, 10, 0, 0, 0, 0, 0, 0, 0, 0, 0, 0, 0, 5, 4, 6, 8, 6, 12, 6, 6, 4, 5, 5, 6, 7, 4, 8, 7, 6, 7, 7, 0, 0, 0, 10, 4, 8, 7, 3, 5, 8]"
第四十二出,尾声,否,10,"[8, 9, 9, 8]","[0, 0, 0, 0]","[0, 0, 0, 0]","[8, 9, 9, 8]"
第四十三出,浪淘沙,否,1,"[5, 4, 8, 7, 4]","[0, 0, 0, 0, 0]","[0, 0, 0, 0, 0]","[5, 4, 8, 7, 4]"
第四十三出,浪淘沙,是,2,"[5, 4, 7, 7, 4]","[0, 0, 0, 0, 0]","[0, 0, 0, 0, 0]","[5, 4, 7, 7, 4]"
第四十三出,浪淘沙,是,3,"[5, 5, 7, 7, 5]","[0, 0, 0, 0, 0]","[0, 0, 0, 0, 0]","[5, 5, 7, 7, 5]"
第四十三出,北仙吕点绛唇,否,4,"[4, 4, 3, 4, 6]","[0, 0, 0, 0, 0]","[0, 0, 0, 0, 0]","[4, 4, 3, 4, 6]"
第四十三出,混江龙,否,5,"[5, 8, 9, 7, 12, 12, 6, 6, 7, 6, 7, 9]","[0, 0, 0, 0, 0, 0, 0, 0, 0, 0, 0, 0]","[0, 0, 0, 0, 0, 0, 3, 0, 3, 0, 0, 0]","[5, 8, 9, 7, 12, 12, 3, 6, 4, 6, 7, 9]"
第四十三出,油葫芦,否,6,"[10, 7, 7, 7, 7, 6, 6, 8, 6]","[0, 0, 0, 0, 0, 0, 0, 0, 0]","[0, 0, 0, 0, 0, 0, 0, 0, 0]","[10, 7, 7, 7, 7, 6, 6, 8, 6]"
第四十三出,天下乐,否,7,"[1, 8, 4, 6, 3, 5, 5, 6, 3, 6, 6, 9]","[0, 0, 0, 0, 0, 0, 0, 0, 0, 0, 0, 0]","[0, 0, 0, 0, 0, 0, 5, 6, 0, 0, 0, 0]","[1, 8, 4, 6, 3, 5, 0, 0, 3, 6, 6, 9]"
第四十三出,那咤令,否,8,"[3, 5, 6, 5, 6, 5, 6, 9, 6, 11]","[0, 0, 0, 0, 0, 0, 0, 0, 0, 0]","[0, 0, 0, 0, 0, 0, 0, 0, 0, 0]","[3, 5, 6, 5, 6, 5, 6, 9, 6, 11]"
第四十三出,寄生草,否,9,"[5, 6, 9, 9, 9, 11, 11]","[0, 0, 0, 0, 0, 0, 0]","[0, 0, 0, 0, 0, 0, 0]","[5, 6, 9, 9, 9, 11, 11]"
第四十三出,幺,否,10,"[5, 7, 11, 8, 8, 1, 6, 7, 10]","[0, 0, 0, 0, 0, 0, 0, 0, 0]","[0, 0, 0, 0, 0, 1, 6, 0, 0]","[5, 7, 11, 8, 8, 0, 0, 7, 10]"
第四十三出,赚煞,否,11,"[7, 4, 9, 10, 4, 10, 8, 7, 6, 6, 8, 8, 2, 1, 6, 5, 8, 6, 8, 8, 5]","[0, 0, 0, 0, 0, 0, 0, 0, 0, 0, 0, 0, 0, 0, 0, 0, 0, 0, 0, 0, 0]","[0, 0, 0, 10, 4, 0, 0, 7, 6, 6, 8, 8, 2, 1, 0, 0, 0, 0, 0, 0, 0]","[7, 4, 9, 0, 0, 10, 8, 0, 0, 0, 0, 0, 0, 0, 6, 5, 8, 6, 8, 8, 5]"
第四十四出,香柳娘,否,1,"[5, 5, 6, 8, 5, 5, 5, 5, 5, 5, 2, 2, 6, 4]","[0, 0, 0, 0, 0, 0, 0, 0, 0, 0, 0, 0, 0, 0]","[0, 0, 0, 0, 0, 0, 0, 0, 0, 0, 2, 2, 0, 0]","[5, 5, 6, 8, 5, 5, 5, 5, 5, 5, 0, 0, 6, 4]"
第四十四出,香柳娘,是,2,"[5, 5, 5, 7, 2, 6, 4, 5, 5, 8, 6, 5, 5, 5, 3, 2, 3, 5, 5, 4, 6]","[0, 0, 0, 0, 0, 0, 0, 0, 0, 0, 0, 0, 0, 0, 0, 0, 0, 0, 0, 0, 0]","[0, 0, 0, 0, 2, 6, 4, 5, 0, 0, 0, 0, 0, 0, 3, 2, 3, 0, 0, 0, 0]","[5, 5, 5, 7, 0, 0, 0, 0, 5, 8, 6, 5, 5, 5, 0, 0, 0, 5, 5, 4, 6]"
第四十四出,香柳娘,是,3,"[5, 5, 4, 8, 5, 2, 7, 6, 5, 4, 5, 5, 6, 7, 4, 3, 5, 5, 4, 6]","[0, 0, 0, 0, 0, 0, 0, 0, 0, 0, 0, 0, 0, 0, 0, 0, 0, 0, 0, 0]","[0, 0, 0, 0, 5, 0, 0, 0, 0, 0, 0, 0, 0, 0, 4, 3, 0, 0, 0, 0]","[5, 5, 4, 8, 0, 2, 7, 6, 5, 4, 5, 5, 6, 7, 0, 0, 5, 5, 4, 6]"
第四十四出,香柳娘,是,4,"[5, 5, 4, 12, 5, 5, 5, 5, 2, 2, 4, 5, 5, 4, 6]","[0, 0, 0, 0, 0, 0, 0, 0, 0, 0, 0, 0, 0, 0, 0]","[0, 0, 0, 0, 0, 0, 0, 0, 2, 2, 4, 0, 0, 0, 0]","[5, 5, 4, 12, 5, 5, 5, 5, 0, 0, 0, 5, 5, 4, 6]"
第四十四出,香柳娘,是,5,"[5, 5, 20, 2, 2, 4, 2, 5, 4, 6, 11, 3, 4, 7, 5, 7, 6, 6, 5, 5, 5, 5, 2, 3, 9, 5, 5, 4, 6]","[0, 0, 0, 0, 0, 0, 0, 0, 0, 0, 0, 0, 0, 0, 0, 0, 0, 0, 0, 0, 0, 0, 0, 0, 0, 0, 0, 0, 0]","[0, 0, 20, 2, 2, 4, 2, 5, 4, 6, 11, 3, 4, 7, 0, 0, 6, 6, 0, 0, 0, 0, 2, 3, 9, 0, 0, 0, 0]","[5, 5, 0, 0, 0, 0, 0, 0, 0, 0, 0, 0, 0, 0, 5, 7, 0, 0, 5, 5, 5, 5, 0, 0, 0, 5, 5, 4, 6]"
第四十四出,香柳娘,是,6,"[5, 5, 4, 5, 13, 8, 6, 2, 2, 8, 8, 8, 5, 10, 7, 6, 5, 6, 4, 4, 4, 4, 5, 5, 7, 6, 2, 4, 5, 5, 4, 6]","[0, 0, 0, 0, 0, 0, 0, 0, 0, 0, 0, 0, 0, 0, 0, 0, 0, 0, 0, 0, 0, 0, 0, 0, 0, 0, 0, 0, 0, 0, 0, 0]","[0, 0, 0, 5, 13, 0, 6, 2, 2, 8, 8, 0, 0, 0, 0, 0, 0, 0, 0, 0, 0, 0, 0, 0, 0, 0, 2, 4, 0, 0, 0, 0]","[5, 5, 4, 0, 0, 8, 0, 0, 0, 0, 0, 8, 5, 10, 7, 6, 5, 6, 4, 4, 4, 4, 5, 5, 7, 6, 0, 0, 5, 5, 4, 6]"
第四十四出,北新水令,否,7,"[10, 7, 5, 5, 4, 9]","[0, 0, 0, 0, 0, 0]","[0, 0, 0, 0, 0, 0]","[10, 7, 5, 5, 4, 9]"
第四十四出,南步步娇,否,8,"[9, 7, 5, 5, 5, 8, 10]","[0, 0, 0, 0, 0, 0, 0]","[0, 0, 0, 0, 0, 0, 0]","[9, 7, 5, 5, 5, 8, 10]"
第四十四出,北折桂令,否,9,"[9, 5, 5, 7, 4, 5, 5, 7, 4, 7, 7, 7, 3, 2, 7, 6, 14, 13]","[0, 0, 0, 0, 0, 0, 0, 0, 0, 0, 0, 0, 0, 0, 0, 0, 0, 0]","[0, 0, 0, 0, 0, 0, 5, 7, 4, 0, 0, 0, 3, 2, 7, 6, 0, 0]","[9, 5, 5, 7, 4, 5, 0, 0, 0, 7, 7, 7, 0, 0, 0, 0, 14, 13]"
第四十四出,南江儿水,否,10,"[6, 5, 2, 10, 9, 9, 8, 5, 7, 8]","[0, 0, 0, 0, 0, 0, 0, 0, 0, 0]","[0, 0, 2, 0, 0, 0, 0, 0, 0, 0]","[6, 5, 0, 10, 9, 9, 8, 5, 7, 8]"
第四十四出,北雁儿落带得胜令,否,11,"[6, 3, 9, 6, 5, 6, 3, 11, 3, 9, 4, 4, 6, 6, 8, 6, 6, 6, 3, 6, 2, 10]","[0, 0, 0, 0, 0, 0, 0, 0, 0, 0, 0, 0, 0, 0, 0, 0, 0, 0, 0, 0, 0, 0]","[0, 0, 0, 0, 0, 0, 0, 11, 3, 9, 0, 0, 0, 0, 0, 0, 0, 0, 0, 0, 0, 0]","[6, 3, 9, 6, 5, 6, 3, 0, 0, 0, 4, 4, 6, 6, 8, 6, 6, 6, 3, 6, 2, 10]"
第四十四出,南侥侥令,否,12,"[7, 6, 12, 12]","[0, 0, 0, 0]","[0, 0, 0, 0]","[7, 6, 12, 12]"
第四十四出,北望江南,否,13,"[1, 11, 6, 8, 4, 8, 11, 9, 5, 11]","[0, 0, 0, 0, 0, 0, 0, 0, 0, 0]","[0, 0, 0, 8, 4, 0, 0, 0, 0, 0]","[1, 11, 6, 0, 0, 8, 11, 9, 5, 11]"
第四十四出,南园林好,否,14,"[9, 7, 7, 6, 6]","[0, 0, 0, 0, 0]","[0, 0, 0, 0, 0]","[9, 7, 7, 6, 6]"
第四十四出,北沽美酒带太平令,否,15,"[3, 3, 6, 9, 4, 7, 9, 8, 11, 8, 9, 10, 2, 6, 8, 7, 1, 15]","[0, 0, 0, 0, 0, 0, 0, 0, 0, 0, 0, 0, 0, 0, 0, 0, 0, 0]","[0, 0, 0, 0, 0, 0, 0, 0, 0, 0, 0, 0, 0, 0, 0, 0, 0, 0]","[3, 3, 6, 9, 4, 7, 9, 8, 11, 8, 9, 10, 2, 6, 8, 7, 1, 15]"
第四十四出,清江引,否,16,"[8, 5, 5, 5, 9]","[0, 0, 0, 0, 0]","[0, 0, 0, 0, 0]","[8, 5, 5, 5, 9]"
