章节,次数,词牌名
第二出,1,急三枪
第二出,1,鹧鸪天
第二出,1,解三酲
第三出,6,绕池游
第三出,1,尾声
第四出,1,尾声
第五出,4,锁南枝
第五出,1,尾声
第六出,2,锁南枝
第七出,3,绕池游
第七出,1,尾声
第八出,5,八声甘州
第八出,1,普贤歌
第八出,1,清江引
第八出,1,尾声
第九出,2,普贤歌
第九出,4,一江风
第十出,1,醉扶归
第十出,2,金珑璁
第十出,1,天下乐
第十出,3,醉太平
第十出,5,胜如花
第十出,1,刮地风
第十出,1,玉交枝
第十出,2,三段子
第十出,1,嘉庆子
第十出,5,驻马听
第十出,7,步步娇
第十出,1,水红花
第十出,6,一封书
第十出,2,锦上花
第十出,1,缕缕金
第十出,1,一枝花
第十出,3,川拨棹
第十出,7,集贤宾
第十出,1,油葫芦
第十出,1,鹊踏枝
第十出,6,江儿水
第十出,2,东瓯令
第十出,1,四门子
第十出,1,尹令
第十出,3,皂罗袍
第十出,1,红绣鞋
第十出,1,园林好
第十出,1,普贤歌
第十出,1,品令
第十出,1,寄生草
第十出,2,太平令
第十出,1,菊花新
第十出,1,混江龙
第十出,9,绕池游
第十出,1,新水令
第十出,1,乌夜啼
第十出,2,锁南枝
第十出,9,红衲袄
第十出,2,霜天晓角
第十出,1,千秋岁
第十出,4,四边静
第十出,4,鲍老催
第十出,1,沽美酒
第十出,1,玉芙蓉
第十出,1,醉花阴
第十出,1,双声子
第十出,8,出队子
第十出,1,忆多娇
第十出,4,黄莺儿
第十出,1,粉蝶儿
第十出,7,懒画眉
第十出,1,小桃红
第十出,3,一江风
第十出,1,生查子
第十出,1,雁儿落
第十出,1,水仙子
第十出,3,尾犯序
第十出,1,忒忒令
第十出,1,簇御林
第十出,5,梁州序
第十出,1,下山虎
第十出,2,宜春令
第十出,2,山坡羊
第十出,45,尾声
第十出,1,喜迁莺
第十出,8,滴溜子
第十出,1,朝天子
第十出,2,画眉序
第十出,2,普天乐
第十出,1,折桂令
第十出,1,收江南
第十出,10,点绛唇
第十出,1,好姐姐
第十出,2,清江引
